bit,mean_abs_attr,example_smiles,bit_smiles,svg
3716,6.529867,C#C[C@]1(OC(C)=O)CC[C@H]2[C@@H]3CCC4=C/C(=N/O)CC[C@@H]4[C@H]3CC[C@@]21CC,C(CC)(CC)([C@@H](C)C)C(C)(C)O,"<?xml version='1.0' encoding='iso-8859-1'?>
<svg version='1.1' baseProfile='full'
              xmlns='http://www.w3.org/2000/svg'
                      xmlns:rdkit='http://www.rdkit.org/xml'
                      xmlns:xlink='http://www.w3.org/1999/xlink'
                  xml:space='preserve'
width='150px' height='150px' viewBox='0 0 150 150'>
<!-- END OF HEADER -->
<rect style='opacity:1.0;fill:#FFFFFF;stroke:none' width='150.0' height='150.0' x='0.0' y='0.0'> </rect>
<ellipse cx='59.7' cy='80.6' rx='5.1' ry='5.1' class='atom-2'  style='fill:#CCCCCC;fill-rule:evenodd;stroke:#CCCCCC;stroke-width:1.0px;stroke-linecap:butt;stroke-linejoin:miter;stroke-opacity:1' />
<ellipse cx='58.8' cy='105.9' rx='5.1' ry='5.1' class='atom-5'  style='fill:#CCCCCC;fill-rule:evenodd;stroke:#CCCCCC;stroke-width:1.0px;stroke-linecap:butt;stroke-linejoin:miter;stroke-opacity:1' />
<ellipse cx='82.6' cy='114.5' rx='5.1' ry='5.1' class='atom-6'  style='fill:#CCCCCC;fill-rule:evenodd;stroke:#CCCCCC;stroke-width:1.0px;stroke-linecap:butt;stroke-linejoin:miter;stroke-opacity:1' />
<ellipse cx='98.2' cy='94.5' rx='5.1' ry='5.1' class='atom-7'  style='fill:#CCCCCC;fill-rule:evenodd;stroke:#CCCCCC;stroke-width:1.0px;stroke-linecap:butt;stroke-linejoin:miter;stroke-opacity:1' />
<ellipse cx='123.4' cy='92.7' rx='5.1' ry='5.1' class='atom-8'  style='fill:#CCCCCC;fill-rule:evenodd;stroke:#CCCCCC;stroke-width:1.0px;stroke-linecap:butt;stroke-linejoin:miter;stroke-opacity:1' />
<ellipse cx='120.3' cy='49.0' rx='5.1' ry='5.1' class='atom-11'  style='fill:#CCCCCC;fill-rule:evenodd;stroke:#CCCCCC;stroke-width:1.0px;stroke-linecap:butt;stroke-linejoin:miter;stroke-opacity:1' />
<ellipse cx='95.0' cy='50.8' rx='5.1' ry='5.1' class='atom-12'  style='fill:#CCCCCC;fill-rule:evenodd;stroke:#CCCCCC;stroke-width:1.0px;stroke-linecap:butt;stroke-linejoin:miter;stroke-opacity:1' />
<ellipse cx='84.0' cy='73.6' rx='5.1' ry='5.1' class='atom-13'  style='fill:#9999E5;fill-rule:evenodd;stroke:#9999E5;stroke-width:1.0px;stroke-linecap:butt;stroke-linejoin:miter;stroke-opacity:1' />
<path class='bond-0 atom-0 atom-1' d='M 11.7,84.0 L 34.3,80.5' style='fill:none;fill-rule:evenodd;stroke:#E5E5E5;stroke-width:1.3px;stroke-linecap:butt;stroke-linejoin:miter;stroke-opacity:1' />
<path class='bond-0 atom-0 atom-1' d='M 11.4,80.3 L 34.2,78.7' style='fill:none;fill-rule:evenodd;stroke:#E5E5E5;stroke-width:1.3px;stroke-linecap:butt;stroke-linejoin:miter;stroke-opacity:1' />
<path class='bond-0 atom-0 atom-1' d='M 12.0,87.7 L 34.7,86.1' style='fill:none;fill-rule:evenodd;stroke:#E5E5E5;stroke-width:1.3px;stroke-linecap:butt;stroke-linejoin:miter;stroke-opacity:1' />
<path class='bond-1 atom-2 atom-1' d='M 59.7,80.6 L 34.6,84.3 L 34.3,80.5 Z' style='fill:#000000;fill-rule:evenodd;fill-opacity:1;stroke:#000000;stroke-width:0.5px;stroke-linecap:butt;stroke-linejoin:miter;stroke-opacity:1;' />
<path class='bond-2 atom-2 atom-3' d='M 59.7,80.6 L 57.9,70.4' style='fill:none;fill-rule:evenodd;stroke:#000000;stroke-width:2.0px;stroke-linecap:butt;stroke-linejoin:miter;stroke-opacity:1' />
<path class='bond-2 atom-2 atom-3' d='M 57.9,70.4 L 56.0,60.2' style='fill:none;fill-rule:evenodd;stroke:#FF0000;stroke-width:2.0px;stroke-linecap:butt;stroke-linejoin:miter;stroke-opacity:1' />
<path class='bond-3 atom-3 atom-4' d='M 51.1,54.2 L 32.7,47.5' style='fill:none;fill-rule:evenodd;stroke:#E5E5E5;stroke-width:1.3px;stroke-linecap:butt;stroke-linejoin:miter;stroke-opacity:1' />
<path class='bond-4 atom-2 atom-5' d='M 59.7,80.6 L 58.8,105.9' style='fill:none;fill-rule:evenodd;stroke:#000000;stroke-width:2.0px;stroke-linecap:butt;stroke-linejoin:miter;stroke-opacity:1' />
<path class='bond-5 atom-5 atom-6' d='M 58.8,105.9 L 82.6,114.5' style='fill:none;fill-rule:evenodd;stroke:#E5E5E5;stroke-width:1.3px;stroke-linecap:butt;stroke-linejoin:miter;stroke-opacity:1' />
<path class='bond-6 atom-6 atom-7' d='M 82.6,114.5 L 98.2,94.5' style='fill:none;fill-rule:evenodd;stroke:#000000;stroke-width:2.0px;stroke-linecap:butt;stroke-linejoin:miter;stroke-opacity:1' />
<path class='bond-7 atom-7 atom-8' d='M 98.2,94.5 L 123.4,92.7' style='fill:none;fill-rule:evenodd;stroke:#000000;stroke-width:2.0px;stroke-linecap:butt;stroke-linejoin:miter;stroke-opacity:1' />
<path class='bond-8 atom-8 atom-9' d='M 123.4,92.7 L 135.8,107.7 L 132.7,109.8 Z' style='fill:#E5E5E5;fill-rule:evenodd;fill-opacity:1;stroke:#E5E5E5;stroke-width:0.5px;stroke-linecap:butt;stroke-linejoin:miter;stroke-opacity:1;' />
<path class='bond-9 atom-10 atom-11' d='M 129.6,62.2 L 129.0,62.6' style='fill:none;fill-rule:evenodd;stroke:#E5E5E5;stroke-width:1.0px;stroke-linecap:butt;stroke-linejoin:miter;stroke-opacity:1' />
<path class='bond-9 atom-10 atom-11' d='M 128.1,59.3 L 126.9,60.1' style='fill:none;fill-rule:evenodd;stroke:#E5E5E5;stroke-width:1.0px;stroke-linecap:butt;stroke-linejoin:miter;stroke-opacity:1' />
<path class='bond-9 atom-10 atom-11' d='M 126.6,56.4 L 124.8,57.7' style='fill:none;fill-rule:evenodd;stroke:#E5E5E5;stroke-width:1.0px;stroke-linecap:butt;stroke-linejoin:miter;stroke-opacity:1' />
<path class='bond-9 atom-10 atom-11' d='M 125.1,53.6 L 122.7,55.2' style='fill:none;fill-rule:evenodd;stroke:#E5E5E5;stroke-width:1.0px;stroke-linecap:butt;stroke-linejoin:miter;stroke-opacity:1' />
<path class='bond-9 atom-10 atom-11' d='M 123.6,50.7 L 120.6,52.8' style='fill:none;fill-rule:evenodd;stroke:#E5E5E5;stroke-width:1.0px;stroke-linecap:butt;stroke-linejoin:miter;stroke-opacity:1' />
<path class='bond-10 atom-11 atom-12' d='M 120.3,49.0 L 95.0,50.8' style='fill:none;fill-rule:evenodd;stroke:#000000;stroke-width:2.0px;stroke-linecap:butt;stroke-linejoin:miter;stroke-opacity:1' />
<path class='bond-11 atom-12 atom-13' d='M 95.0,50.8 L 84.0,73.6' style='fill:none;fill-rule:evenodd;stroke:#000000;stroke-width:2.0px;stroke-linecap:butt;stroke-linejoin:miter;stroke-opacity:1' />
<path class='bond-12 atom-13 atom-14' d='M 81.9,70.6 L 81.4,71.0' style='fill:none;fill-rule:evenodd;stroke:#000000;stroke-width:1.0px;stroke-linecap:butt;stroke-linejoin:miter;stroke-opacity:1' />
<path class='bond-12 atom-13 atom-14' d='M 79.8,67.7 L 78.8,68.5' style='fill:none;fill-rule:evenodd;stroke:#000000;stroke-width:1.0px;stroke-linecap:butt;stroke-linejoin:miter;stroke-opacity:1' />
<path class='bond-12 atom-13 atom-14' d='M 77.7,64.7 L 76.3,65.9' style='fill:none;fill-rule:evenodd;stroke:#000000;stroke-width:1.0px;stroke-linecap:butt;stroke-linejoin:miter;stroke-opacity:1' />
<path class='bond-12 atom-13 atom-14' d='M 75.6,61.7 L 73.7,63.3' style='fill:none;fill-rule:evenodd;stroke:#000000;stroke-width:1.0px;stroke-linecap:butt;stroke-linejoin:miter;stroke-opacity:1' />
<path class='bond-12 atom-13 atom-14' d='M 73.5,58.8 L 71.2,60.8' style='fill:none;fill-rule:evenodd;stroke:#000000;stroke-width:1.0px;stroke-linecap:butt;stroke-linejoin:miter;stroke-opacity:1' />
<path class='bond-12 atom-13 atom-14' d='M 71.4,55.8 L 68.6,58.2' style='fill:none;fill-rule:evenodd;stroke:#000000;stroke-width:1.0px;stroke-linecap:butt;stroke-linejoin:miter;stroke-opacity:1' />
<path class='bond-13 atom-14 atom-15' d='M 67.7,54.2 L 76.3,30.4' style='fill:none;fill-rule:evenodd;stroke:#000000;stroke-width:2.0px;stroke-linecap:butt;stroke-linejoin:miter;stroke-opacity:1' />
<path class='bond-14 atom-13 atom-2' d='M 84.0,73.6 L 59.7,80.6' style='fill:none;fill-rule:evenodd;stroke:#000000;stroke-width:2.0px;stroke-linecap:butt;stroke-linejoin:miter;stroke-opacity:1' />
<path class='bond-15 atom-13 atom-7' d='M 84.0,73.6 L 98.2,94.5' style='fill:none;fill-rule:evenodd;stroke:#000000;stroke-width:2.0px;stroke-linecap:butt;stroke-linejoin:miter;stroke-opacity:1' />
<path class='bond-16 atom-10 atom-8' d='M 134.2,70.4 L 123.4,92.7' style='fill:none;fill-rule:evenodd;stroke:#E5E5E5;stroke-width:1.3px;stroke-linecap:butt;stroke-linejoin:miter;stroke-opacity:1' />
<path class='bond-17 atom-7 atom-16' d='M 98.2,94.5 L 105.0,103.3 L 101.7,105.1 Z' style='fill:#000000;fill-rule:evenodd;fill-opacity:1;stroke:#000000;stroke-width:0.5px;stroke-linecap:butt;stroke-linejoin:miter;stroke-opacity:1;' />
<path d='M 58.8,105.2 L 58.8,105.9 L 59.4,106.1' style='fill:none;stroke:#000000;stroke-width:2.0px;stroke-linecap:butt;stroke-linejoin:miter;stroke-opacity:1;' />
<path d='M 82.0,114.3 L 82.6,114.5 L 83.0,114.0' style='fill:none;stroke:#E5E5E5;stroke-width:1.3px;stroke-linecap:butt;stroke-linejoin:miter;stroke-opacity:1;' />
<path d='M 122.8,92.8 L 123.4,92.7 L 123.7,92.2' style='fill:none;stroke:#000000;stroke-width:2.0px;stroke-linecap:butt;stroke-linejoin:miter;stroke-opacity:1;' />
<path d='M 96.3,50.7 L 95.0,50.8 L 94.5,52.0' style='fill:none;stroke:#000000;stroke-width:2.0px;stroke-linecap:butt;stroke-linejoin:miter;stroke-opacity:1;' />
<path class='atom-0' d='M 7.8 83.4
L 8.9 82.3
L 7.5 82.0
L 7.7 81.3
L 9.0 82.0
L 8.8 80.6
L 9.6 80.6
L 9.4 82.0
L 10.7 81.4
L 10.9 82.0
L 9.5 82.3
L 10.5 83.4
L 9.9 83.8
L 9.2 82.5
L 8.5 83.8
L 7.8 83.4
' fill='#191919'/>
<path class='atom-3' d='M 51.9 55.7
Q 51.9 54.0, 52.8 53.0
Q 53.6 52.1, 55.2 52.1
Q 56.8 52.1, 57.7 53.0
Q 58.5 54.0, 58.5 55.7
Q 58.5 57.4, 57.7 58.4
Q 56.8 59.4, 55.2 59.4
Q 53.7 59.4, 52.8 58.4
Q 51.9 57.5, 51.9 55.7
M 55.2 58.6
Q 56.3 58.6, 56.9 57.9
Q 57.5 57.1, 57.5 55.7
Q 57.5 54.3, 56.9 53.6
Q 56.3 52.9, 55.2 52.9
Q 54.1 52.9, 53.5 53.6
Q 53.0 54.3, 53.0 55.7
Q 53.0 57.2, 53.5 57.9
Q 54.1 58.6, 55.2 58.6
' fill='#FF0000'/>
<path class='atom-4' d='M 30.1 46.3
L 31.1 45.2
L 29.8 44.9
L 30.0 44.2
L 31.3 44.8
L 31.1 43.4
L 31.8 43.4
L 31.6 44.8
L 32.9 44.2
L 33.1 44.9
L 31.7 45.2
L 32.7 46.3
L 32.1 46.7
L 31.4 45.4
L 30.7 46.7
L 30.1 46.3
' fill='#191919'/>
<path class='atom-9' d='M 136.2 112.9
L 137.3 111.8
L 135.9 111.5
L 136.1 110.8
L 137.4 111.5
L 137.2 110.1
L 137.9 110.0
L 137.7 111.5
L 139.0 110.8
L 139.3 111.5
L 137.8 111.8
L 138.9 112.9
L 138.2 113.3
L 137.5 112.0
L 136.8 113.3
L 136.2 112.9
' fill='#191919'/>
<path class='atom-10' d='M 133.1 69.2
L 134.1 68.1
L 132.8 67.8
L 133.0 67.1
L 134.2 67.8
L 134.1 66.3
L 134.8 66.3
L 134.6 67.7
L 135.9 67.1
L 136.1 67.8
L 134.7 68.1
L 135.7 69.2
L 135.1 69.6
L 134.4 68.3
L 133.7 69.6
L 133.1 69.2
' fill='#191919'/>
<path class='atom-10' d='M 136.9 66.5
L 137.9 66.5
L 137.9 69.5
L 141.5 69.5
L 141.5 66.5
L 142.5 66.5
L 142.5 73.6
L 141.5 73.6
L 141.5 70.3
L 137.9 70.3
L 137.9 73.6
L 136.9 73.6
L 136.9 66.5
' fill='#191919'/>
<path class='atom-16' d='M 103.3 105.8
L 104.3 105.8
L 104.3 108.9
L 107.9 108.9
L 107.9 105.8
L 108.9 105.8
L 108.9 113.0
L 107.9 113.0
L 107.9 109.7
L 104.3 109.7
L 104.3 113.0
L 103.3 113.0
L 103.3 105.8
' fill='#000000'/>
</svg>
"
933,6.38334,C[S+](C)CCC(N)C(=O)O,C(C[S+])C(C)N,"<?xml version='1.0' encoding='iso-8859-1'?>
<svg version='1.1' baseProfile='full'
              xmlns='http://www.w3.org/2000/svg'
                      xmlns:rdkit='http://www.rdkit.org/xml'
                      xmlns:xlink='http://www.w3.org/1999/xlink'
                  xml:space='preserve'
width='150px' height='150px' viewBox='0 0 150 150'>
<!-- END OF HEADER -->
<rect style='opacity:1.0;fill:#FFFFFF;stroke:none' width='150.0' height='150.0' x='0.0' y='0.0'> </rect>
<ellipse cx='74.3' cy='81.6' rx='5.1' ry='5.1' class='atom-4'  style='fill:#9999E5;fill-rule:evenodd;stroke:#9999E5;stroke-width:1.0px;stroke-linecap:butt;stroke-linejoin:miter;stroke-opacity:1' />
<path class='bond-0 atom-0 atom-1' d='M 9.9,66.0 L 27.3,77.3' style='fill:none;fill-rule:evenodd;stroke:#E5E5E5;stroke-width:1.4px;stroke-linecap:butt;stroke-linejoin:miter;stroke-opacity:1' />
<path class='bond-1 atom-1 atom-2' d='M 30.2,84.0 L 29.4,100.2' style='fill:none;fill-rule:evenodd;stroke:#E5E5E5;stroke-width:1.4px;stroke-linecap:butt;stroke-linejoin:miter;stroke-opacity:1' />
<path class='bond-2 atom-1 atom-3' d='M 37.7,75.7 L 45.4,71.7' style='fill:none;fill-rule:evenodd;stroke:#CCCC00;stroke-width:2.0px;stroke-linecap:butt;stroke-linejoin:miter;stroke-opacity:1' />
<path class='bond-2 atom-1 atom-3' d='M 45.4,71.7 L 53.1,67.8' style='fill:none;fill-rule:evenodd;stroke:#000000;stroke-width:2.0px;stroke-linecap:butt;stroke-linejoin:miter;stroke-opacity:1' />
<path class='bond-3 atom-3 atom-4' d='M 53.1,67.8 L 74.3,81.6' style='fill:none;fill-rule:evenodd;stroke:#000000;stroke-width:2.0px;stroke-linecap:butt;stroke-linejoin:miter;stroke-opacity:1' />
<path class='bond-4 atom-4 atom-5' d='M 74.3,81.6 L 96.9,70.1' style='fill:none;fill-rule:evenodd;stroke:#000000;stroke-width:2.0px;stroke-linecap:butt;stroke-linejoin:miter;stroke-opacity:1' />
<path class='bond-5 atom-5 atom-6' d='M 96.9,70.1 L 97.5,59.6' style='fill:none;fill-rule:evenodd;stroke:#000000;stroke-width:2.0px;stroke-linecap:butt;stroke-linejoin:miter;stroke-opacity:1' />
<path class='bond-5 atom-5 atom-6' d='M 97.5,59.6 L 98.0,49.2' style='fill:none;fill-rule:evenodd;stroke:#0000FF;stroke-width:2.0px;stroke-linecap:butt;stroke-linejoin:miter;stroke-opacity:1' />
<path class='bond-6 atom-5 atom-7' d='M 96.9,70.1 L 118.2,83.9' style='fill:none;fill-rule:evenodd;stroke:#000000;stroke-width:2.0px;stroke-linecap:butt;stroke-linejoin:miter;stroke-opacity:1' />
<path class='bond-7 atom-7 atom-8' d='M 116.4,82.7 L 115.2,104.6' style='fill:none;fill-rule:evenodd;stroke:#E5E5E5;stroke-width:1.4px;stroke-linecap:butt;stroke-linejoin:miter;stroke-opacity:1' />
<path class='bond-7 atom-7 atom-8' d='M 120.2,82.9 L 119.0,104.8' style='fill:none;fill-rule:evenodd;stroke:#E5E5E5;stroke-width:1.4px;stroke-linecap:butt;stroke-linejoin:miter;stroke-opacity:1' />
<path class='bond-8 atom-7 atom-9' d='M 118.2,83.9 L 139.9,72.8' style='fill:none;fill-rule:evenodd;stroke:#E5E5E5;stroke-width:1.4px;stroke-linecap:butt;stroke-linejoin:miter;stroke-opacity:1' />
<path d='M 52.7,68.0 L 53.1,67.8 L 54.1,68.5' style='fill:none;stroke:#000000;stroke-width:2.0px;stroke-linecap:butt;stroke-linejoin:miter;stroke-opacity:1;' />
<path d='M 73.3,80.9 L 74.3,81.6 L 75.5,81.0' style='fill:none;stroke:#000000;stroke-width:2.0px;stroke-linecap:butt;stroke-linejoin:miter;stroke-opacity:1;' />
<path d='M 117.7,83.5 L 118.2,83.9 L 118.8,83.6' style='fill:none;stroke:#000000;stroke-width:2.0px;stroke-linecap:butt;stroke-linejoin:miter;stroke-opacity:1;' />
<path class='atom-0' d='M 7.8 64.8
L 8.9 63.7
L 7.5 63.4
L 7.7 62.7
L 9.0 63.3
L 8.8 61.9
L 9.6 61.9
L 9.4 63.3
L 10.7 62.7
L 10.9 63.4
L 9.5 63.7
L 10.5 64.8
L 9.9 65.2
L 9.2 63.9
L 8.5 65.2
L 7.8 64.8
' fill='#191919'/>
<path class='atom-1' d='M 28.5 81.8
Q 28.5 81.9, 28.9 82.0
Q 29.2 82.1, 29.6 82.2
Q 29.9 82.3, 30.3 82.3
Q 31.0 82.3, 31.4 82.0
Q 31.8 81.7, 31.8 81.1
Q 31.8 80.7, 31.6 80.4
Q 31.4 80.2, 31.1 80.1
Q 30.8 79.9, 30.3 79.8
Q 29.6 79.6, 29.2 79.4
Q 28.9 79.2, 28.6 78.8
Q 28.3 78.4, 28.3 77.8
Q 28.3 76.9, 28.9 76.3
Q 29.6 75.8, 30.8 75.8
Q 31.6 75.8, 32.6 76.2
L 32.3 77.0
Q 31.5 76.6, 30.8 76.6
Q 30.1 76.6, 29.7 76.9
Q 29.3 77.2, 29.3 77.7
Q 29.3 78.1, 29.5 78.3
Q 29.7 78.5, 30.0 78.7
Q 30.3 78.8, 30.8 78.9
Q 31.5 79.1, 31.8 79.3
Q 32.2 79.6, 32.5 80.0
Q 32.8 80.4, 32.8 81.1
Q 32.8 82.1, 32.1 82.6
Q 31.5 83.1, 30.3 83.1
Q 29.7 83.1, 29.2 83.0
Q 28.7 82.9, 28.2 82.6
L 28.5 81.8
' fill='#CCCC00'/>
<path class='atom-1' d='M 33.7 77.0
L 35.0 77.0
L 35.0 75.6
L 35.6 75.6
L 35.6 77.0
L 36.9 77.0
L 36.9 77.4
L 35.6 77.4
L 35.6 78.8
L 35.0 78.8
L 35.0 77.4
L 33.7 77.4
L 33.7 77.0
' fill='#CCCC00'/>
<path class='atom-2' d='M 27.8 103.9
L 28.9 102.8
L 27.5 102.5
L 27.7 101.8
L 29.0 102.5
L 28.8 101.0
L 29.6 101.0
L 29.3 102.4
L 30.7 101.8
L 30.9 102.5
L 29.5 102.8
L 30.5 103.9
L 29.9 104.3
L 29.2 103.0
L 28.4 104.3
L 27.8 103.9
' fill='#191919'/>
<path class='atom-6' d='M 96.6 41.2
L 99.0 45.0
Q 99.2 45.3, 99.6 46.0
Q 100.0 46.7, 100.0 46.7
L 100.0 41.2
L 101.0 41.2
L 101.0 48.3
L 100.0 48.3
L 97.5 44.2
Q 97.2 43.7, 96.8 43.1
Q 96.5 42.6, 96.4 42.4
L 96.4 48.3
L 95.5 48.3
L 95.5 41.2
L 96.6 41.2
' fill='#0000FF'/>
<path class='atom-6' d='M 102.3 41.2
L 103.3 41.2
L 103.3 44.2
L 107.0 44.2
L 107.0 41.2
L 108.0 41.2
L 108.0 48.3
L 107.0 48.3
L 107.0 45.0
L 103.3 45.0
L 103.3 48.3
L 102.3 48.3
L 102.3 41.2
' fill='#0000FF'/>
<path class='atom-6' d='M 109.4 48.1
Q 109.5 47.6, 109.9 47.4
Q 110.4 47.1, 110.9 47.1
Q 111.7 47.1, 112.1 47.5
Q 112.5 47.9, 112.5 48.6
Q 112.5 49.3, 111.9 50.0
Q 111.4 50.6, 110.3 51.4
L 112.5 51.4
L 112.5 51.9
L 109.3 51.9
L 109.3 51.5
Q 110.2 50.9, 110.8 50.4
Q 111.3 49.9, 111.5 49.5
Q 111.8 49.1, 111.8 48.6
Q 111.8 48.2, 111.6 47.9
Q 111.3 47.7, 110.9 47.7
Q 110.6 47.7, 110.3 47.8
Q 110.0 48.0, 109.9 48.3
L 109.4 48.1
' fill='#0000FF'/>
<path class='atom-8' d='M 115.6 108.4
L 116.6 107.3
L 115.2 107.0
L 115.4 106.3
L 116.7 107.0
L 116.5 105.6
L 117.3 105.5
L 117.1 107.0
L 118.4 106.4
L 118.6 107.0
L 117.2 107.3
L 118.2 108.4
L 117.6 108.8
L 116.9 107.5
L 116.2 108.8
L 115.6 108.4
' fill='#191919'/>
<path class='atom-9' d='M 139.4 71.5
L 140.5 70.5
L 139.1 70.2
L 139.3 69.5
L 140.6 70.1
L 140.4 68.7
L 141.2 68.7
L 141.0 70.1
L 142.3 69.5
L 142.5 70.2
L 141.1 70.4
L 142.1 71.5
L 141.5 72.0
L 140.8 70.6
L 140.1 72.0
L 139.4 71.5
' fill='#191919'/>
</svg>
"
3383,6.1793265,CCC1(c2cnc[nH]2)Cc2ccccc2C1,C(CC)(Cc)(Cc)c(c)[nH],"<?xml version='1.0' encoding='iso-8859-1'?>
<svg version='1.1' baseProfile='full'
              xmlns='http://www.w3.org/2000/svg'
                      xmlns:rdkit='http://www.rdkit.org/xml'
                      xmlns:xlink='http://www.w3.org/1999/xlink'
                  xml:space='preserve'
width='150px' height='150px' viewBox='0 0 150 150'>
<!-- END OF HEADER -->
<rect style='opacity:1.0;fill:#FFFFFF;stroke:none' width='150.0' height='150.0' x='0.0' y='0.0'> </rect>
<ellipse cx='73.6' cy='64.3' rx='5.2' ry='5.2' class='atom-2'  style='fill:#9999E5;fill-rule:evenodd;stroke:#9999E5;stroke-width:1.0px;stroke-linecap:butt;stroke-linejoin:miter;stroke-opacity:1' />
<ellipse cx='50.8' cy='76.9' rx='5.2' ry='5.2' class='atom-3'  style='fill:#E5E533;fill-rule:evenodd;stroke:#E5E533;stroke-width:1.0px;stroke-linecap:butt;stroke-linejoin:miter;stroke-opacity:1' />
<ellipse cx='47.5' cy='102.8' rx='5.2' ry='5.2' class='atom-4'  style='fill:#E5E533;fill-rule:evenodd;stroke:#E5E533;stroke-width:1.0px;stroke-linecap:butt;stroke-linejoin:miter;stroke-opacity:1' />
<ellipse cx='27.1' cy='65.7' rx='5.2' ry='5.2' class='atom-7'  style='fill:#E5E533;fill-rule:evenodd;stroke:#E5E533;stroke-width:1.0px;stroke-linecap:butt;stroke-linejoin:miter;stroke-opacity:1' />
<ellipse cx='83.7' cy='88.4' rx='5.2' ry='5.2' class='atom-8'  style='fill:#CCCCCC;fill-rule:evenodd;stroke:#CCCCCC;stroke-width:1.0px;stroke-linecap:butt;stroke-linejoin:miter;stroke-opacity:1' />
<ellipse cx='109.8' cy='86.2' rx='5.2' ry='5.2' class='atom-9'  style='fill:#E5E533;fill-rule:evenodd;stroke:#E5E533;stroke-width:1.0px;stroke-linecap:butt;stroke-linejoin:miter;stroke-opacity:1' />
<ellipse cx='115.7' cy='60.8' rx='5.2' ry='5.2' class='atom-12'  style='fill:#E5E533;fill-rule:evenodd;stroke:#E5E533;stroke-width:1.0px;stroke-linecap:butt;stroke-linejoin:miter;stroke-opacity:1' />
<ellipse cx='93.4' cy='47.2' rx='5.2' ry='5.2' class='atom-13'  style='fill:#CCCCCC;fill-rule:evenodd;stroke:#CCCCCC;stroke-width:1.0px;stroke-linecap:butt;stroke-linejoin:miter;stroke-opacity:1' />
<path class='bond-0 atom-0 atom-1' d='M 32.7,45.0 L 58.8,42.8' style='fill:none;fill-rule:evenodd;stroke:#000000;stroke-width:2.0px;stroke-linecap:butt;stroke-linejoin:miter;stroke-opacity:1' />
<path class='bond-1 atom-1 atom-2' d='M 58.8,42.8 L 73.6,64.3' style='fill:none;fill-rule:evenodd;stroke:#000000;stroke-width:2.0px;stroke-linecap:butt;stroke-linejoin:miter;stroke-opacity:1' />
<path class='bond-2 atom-2 atom-3' d='M 73.6,64.3 L 50.8,76.9' style='fill:none;fill-rule:evenodd;stroke:#000000;stroke-width:2.0px;stroke-linecap:butt;stroke-linejoin:miter;stroke-opacity:1' />
<path class='bond-3 atom-3 atom-4' d='M 50.8,76.9 L 47.5,102.8' style='fill:none;fill-rule:evenodd;stroke:#000000;stroke-width:2.0px;stroke-linecap:butt;stroke-linejoin:miter;stroke-opacity:1' />
<path class='bond-3 atom-3 atom-4' d='M 46.5,79.2 L 43.9,99.4' style='fill:none;fill-rule:evenodd;stroke:#000000;stroke-width:2.0px;stroke-linecap:butt;stroke-linejoin:miter;stroke-opacity:1;stroke-dasharray:6,4' />
<path class='bond-4 atom-4 atom-5' d='M 47.5,102.8 L 24.4,107.1' style='fill:none;fill-rule:evenodd;stroke:#E5E5E5;stroke-width:1.4px;stroke-linecap:butt;stroke-linejoin:miter;stroke-opacity:1' />
<path class='bond-4 atom-4 atom-5' d='M 43.9,99.4 L 23.7,103.3' style='fill:none;fill-rule:evenodd;stroke:#E5E5E5;stroke-width:1.4px;stroke-linecap:butt;stroke-linejoin:miter;stroke-opacity:1;stroke-dasharray:6,4' />
<path class='bond-5 atom-6 atom-7' d='M 10.4,80.6 L 22.0,68.3' style='fill:none;fill-rule:evenodd;stroke:#E5E5E5;stroke-width:1.4px;stroke-linecap:butt;stroke-linejoin:miter;stroke-opacity:1' />
<path class='bond-5 atom-6 atom-7' d='M 13.3,83.3 L 24.9,71.0' style='fill:none;fill-rule:evenodd;stroke:#E5E5E5;stroke-width:1.4px;stroke-linecap:butt;stroke-linejoin:miter;stroke-opacity:1;stroke-dasharray:6,4' />
<path class='bond-6 atom-2 atom-8' d='M 73.6,64.3 L 83.7,88.4' style='fill:none;fill-rule:evenodd;stroke:#000000;stroke-width:2.0px;stroke-linecap:butt;stroke-linejoin:miter;stroke-opacity:1' />
<path class='bond-7 atom-8 atom-9' d='M 83.7,88.4 L 109.8,86.2' style='fill:none;fill-rule:evenodd;stroke:#000000;stroke-width:2.0px;stroke-linecap:butt;stroke-linejoin:miter;stroke-opacity:1' />
<path class='bond-8 atom-9 atom-10' d='M 109.8,86.2 L 126.2,101.6' style='fill:none;fill-rule:evenodd;stroke:#E5E5E5;stroke-width:1.4px;stroke-linecap:butt;stroke-linejoin:miter;stroke-opacity:1' />
<path class='bond-9 atom-11 atom-12' d='M 139.1,53.7 L 115.7,60.8' style='fill:none;fill-rule:evenodd;stroke:#E5E5E5;stroke-width:1.4px;stroke-linecap:butt;stroke-linejoin:miter;stroke-opacity:1' />
<path class='bond-10 atom-12 atom-13' d='M 115.7,60.8 L 93.4,47.2' style='fill:none;fill-rule:evenodd;stroke:#000000;stroke-width:2.0px;stroke-linecap:butt;stroke-linejoin:miter;stroke-opacity:1' />
<path class='bond-11 atom-13 atom-2' d='M 93.4,47.2 L 73.6,64.3' style='fill:none;fill-rule:evenodd;stroke:#000000;stroke-width:2.0px;stroke-linecap:butt;stroke-linejoin:miter;stroke-opacity:1' />
<path class='bond-12 atom-7 atom-3' d='M 30.8,67.5 L 40.8,72.2' style='fill:none;fill-rule:evenodd;stroke:#0000FF;stroke-width:2.0px;stroke-linecap:butt;stroke-linejoin:miter;stroke-opacity:1' />
<path class='bond-12 atom-7 atom-3' d='M 40.8,72.2 L 50.8,76.9' style='fill:none;fill-rule:evenodd;stroke:#000000;stroke-width:2.0px;stroke-linecap:butt;stroke-linejoin:miter;stroke-opacity:1' />
<path class='bond-12 atom-7 atom-3' d='M 29.1,71.0 L 37.8,75.1' style='fill:none;fill-rule:evenodd;stroke:#0000FF;stroke-width:2.0px;stroke-linecap:butt;stroke-linejoin:miter;stroke-opacity:1;stroke-dasharray:6,4' />
<path class='bond-12 atom-7 atom-3' d='M 37.8,75.1 L 46.5,79.2' style='fill:none;fill-rule:evenodd;stroke:#000000;stroke-width:2.0px;stroke-linecap:butt;stroke-linejoin:miter;stroke-opacity:1;stroke-dasharray:6,4' />
<path class='bond-13 atom-12 atom-9' d='M 115.7,60.8 L 109.8,86.2' style='fill:none;fill-rule:evenodd;stroke:#E5E5E5;stroke-width:1.4px;stroke-linecap:butt;stroke-linejoin:miter;stroke-opacity:1' />
<path class='bond-13 atom-12 atom-9' d='M 111.3,62.7 L 106.6,82.5' style='fill:none;fill-rule:evenodd;stroke:#E5E5E5;stroke-width:1.4px;stroke-linecap:butt;stroke-linejoin:miter;stroke-opacity:1' />
<path d='M 57.5,42.9 L 58.8,42.8 L 59.5,43.9' style='fill:none;stroke:#000000;stroke-width:2.0px;stroke-linecap:butt;stroke-linejoin:miter;stroke-opacity:1;' />
<path d='M 47.5,102.1 L 47.5,102.8 L 46.9,102.9' style='fill:none;stroke:#000000;stroke-width:2.0px;stroke-linecap:butt;stroke-linejoin:miter;stroke-opacity:1;' />
<path d='M 83.2,87.2 L 83.7,88.4 L 85.1,88.3' style='fill:none;stroke:#000000;stroke-width:2.0px;stroke-linecap:butt;stroke-linejoin:miter;stroke-opacity:1;' />
<path d='M 94.5,47.9 L 93.4,47.2 L 92.4,48.1' style='fill:none;stroke:#000000;stroke-width:2.0px;stroke-linecap:butt;stroke-linejoin:miter;stroke-opacity:1;' />
<path class='atom-5' d='M 20.1 104.9
L 21.1 103.8
L 19.7 103.5
L 19.9 102.7
L 21.2 103.4
L 21.1 102.0
L 21.8 102.0
L 21.6 103.4
L 23.0 102.8
L 23.2 103.5
L 21.7 103.8
L 22.8 104.9
L 22.1 105.3
L 21.4 104.0
L 20.7 105.3
L 20.1 104.9
' fill='#191919'/>
<path class='atom-6' d='M 7.9 83.9
L 8.9 82.8
L 7.5 82.5
L 7.7 81.8
L 9.0 82.4
L 8.9 81.0
L 9.6 81.0
L 9.4 82.4
L 10.8 81.8
L 11.0 82.5
L 9.5 82.8
L 10.6 83.9
L 9.9 84.4
L 9.2 83.0
L 8.5 84.4
L 7.9 83.9
' fill='#191919'/>
<path class='atom-7' d='M 25.5 62.0
L 27.9 65.9
Q 28.2 66.3, 28.6 67.0
Q 28.9 67.7, 29.0 67.8
L 29.0 62.0
L 29.9 62.0
L 29.9 69.4
L 28.9 69.4
L 26.3 65.1
Q 26.0 64.6, 25.7 64.1
Q 25.4 63.5, 25.3 63.3
L 25.3 69.4
L 24.3 69.4
L 24.3 62.0
L 25.5 62.0
' fill='#0000FF'/>
<path class='atom-7' d='M 24.2 53.9
L 25.2 53.9
L 25.2 57.0
L 29.0 57.0
L 29.0 53.9
L 30.0 53.9
L 30.0 61.3
L 29.0 61.3
L 29.0 57.9
L 25.2 57.9
L 25.2 61.3
L 24.2 61.3
L 24.2 53.9
' fill='#0000FF'/>
<path class='atom-10' d='M 127.4 103.3
L 128.5 102.2
L 127.0 101.9
L 127.3 101.1
L 128.6 101.8
L 128.4 100.3
L 129.2 100.3
L 129.0 101.8
L 130.3 101.1
L 130.5 101.9
L 129.1 102.1
L 130.1 103.2
L 129.5 103.7
L 128.8 102.3
L 128.0 103.7
L 127.4 103.3
' fill='#191919'/>
<path class='atom-11' d='M 139.4 52.4
L 140.4 51.3
L 139.0 51.0
L 139.2 50.3
L 140.5 51.0
L 140.4 49.5
L 141.1 49.5
L 140.9 50.9
L 142.3 50.3
L 142.5 51.0
L 141.0 51.3
L 142.1 52.4
L 141.4 52.9
L 140.7 51.5
L 140.0 52.9
L 139.4 52.4
' fill='#191919'/>
</svg>
"
3758,6.132463,Cc1nnc2n1-c1ccc(Cl)cc1C(c1ccccc1)=NC2,c(cc)(c(c)C)-n(c)c,"<?xml version='1.0' encoding='iso-8859-1'?>
<svg version='1.1' baseProfile='full'
              xmlns='http://www.w3.org/2000/svg'
                      xmlns:rdkit='http://www.rdkit.org/xml'
                      xmlns:xlink='http://www.w3.org/1999/xlink'
                  xml:space='preserve'
width='150px' height='150px' viewBox='0 0 150 150'>
<!-- END OF HEADER -->
<rect style='opacity:1.0;fill:#FFFFFF;stroke:none' width='150.0' height='150.0' x='0.0' y='0.0'> </rect>
<ellipse cx='24.4' cy='70.3' rx='5.6' ry='5.6' class='atom-1'  style='fill:#E5E533;fill-rule:evenodd;stroke:#E5E533;stroke-width:1.0px;stroke-linecap:butt;stroke-linejoin:miter;stroke-opacity:1' />
<ellipse cx='52.8' cy='35.4' rx='5.6' ry='5.6' class='atom-4'  style='fill:#E5E533;fill-rule:evenodd;stroke:#E5E533;stroke-width:1.0px;stroke-linecap:butt;stroke-linejoin:miter;stroke-opacity:1' />
<ellipse cx='51.3' cy='63.2' rx='5.6' ry='5.6' class='atom-5'  style='fill:#E5E533;fill-rule:evenodd;stroke:#E5E533;stroke-width:1.0px;stroke-linecap:butt;stroke-linejoin:miter;stroke-opacity:1' />
<ellipse cx='72.1' cy='81.7' rx='5.6' ry='5.6' class='atom-6'  style='fill:#9999E5;fill-rule:evenodd;stroke:#9999E5;stroke-width:1.0px;stroke-linecap:butt;stroke-linejoin:miter;stroke-opacity:1' />
<ellipse cx='62.4' cy='107.7' rx='5.6' ry='5.6' class='atom-7'  style='fill:#E5E533;fill-rule:evenodd;stroke:#E5E533;stroke-width:1.0px;stroke-linecap:butt;stroke-linejoin:miter;stroke-opacity:1' />
<ellipse cx='80.2' cy='129.1' rx='5.6' ry='5.6' class='atom-8'  style='fill:#E5E533;fill-rule:evenodd;stroke:#E5E533;stroke-width:1.0px;stroke-linecap:butt;stroke-linejoin:miter;stroke-opacity:1' />
<ellipse cx='117.2' cy='98.4' rx='5.6' ry='5.6' class='atom-10'  style='fill:#E5E533;fill-rule:evenodd;stroke:#E5E533;stroke-width:1.0px;stroke-linecap:butt;stroke-linejoin:miter;stroke-opacity:1' />
<ellipse cx='99.5' cy='77.0' rx='5.6' ry='5.6' class='atom-11'  style='fill:#E5E533;fill-rule:evenodd;stroke:#E5E533;stroke-width:1.0px;stroke-linecap:butt;stroke-linejoin:miter;stroke-opacity:1' />
<ellipse cx='112.9' cy='52.7' rx='5.6' ry='5.6' class='atom-12'  style='fill:#CCCCCC;fill-rule:evenodd;stroke:#CCCCCC;stroke-width:1.0px;stroke-linecap:butt;stroke-linejoin:miter;stroke-opacity:1' />
<path class='bond-0 atom-0 atom-1' d='M 16.3,91.3 L 24.4,70.3' style='fill:none;fill-rule:evenodd;stroke:#E5E5E5;stroke-width:1.5px;stroke-linecap:butt;stroke-linejoin:miter;stroke-opacity:1' />
<path class='bond-1 atom-1 atom-2' d='M 26.6,69.7 L 11.4,46.3' style='fill:none;fill-rule:evenodd;stroke:#E5E5E5;stroke-width:1.5px;stroke-linecap:butt;stroke-linejoin:miter;stroke-opacity:1' />
<path class='bond-1 atom-1 atom-2' d='M 23.5,72.7 L 7.9,48.6' style='fill:none;fill-rule:evenodd;stroke:#E5E5E5;stroke-width:1.5px;stroke-linecap:butt;stroke-linejoin:miter;stroke-opacity:1;stroke-dasharray:6,4' />
<path class='bond-2 atom-3 atom-4' d='M 29.0,23.9 L 54.9,34.0' style='fill:none;fill-rule:evenodd;stroke:#E5E5E5;stroke-width:1.5px;stroke-linecap:butt;stroke-linejoin:miter;stroke-opacity:1' />
<path class='bond-2 atom-3 atom-4' d='M 27.5,27.8 L 52.7,37.6' style='fill:none;fill-rule:evenodd;stroke:#E5E5E5;stroke-width:1.5px;stroke-linecap:butt;stroke-linejoin:miter;stroke-opacity:1;stroke-dasharray:6,4' />
<path class='bond-3 atom-4 atom-5' d='M 52.8,35.4 L 52.2,46.9' style='fill:none;fill-rule:evenodd;stroke:#000000;stroke-width:2.0px;stroke-linecap:butt;stroke-linejoin:miter;stroke-opacity:1' />
<path class='bond-3 atom-4 atom-5' d='M 52.2,46.9 L 51.6,58.3' style='fill:none;fill-rule:evenodd;stroke:#0000FF;stroke-width:2.0px;stroke-linecap:butt;stroke-linejoin:miter;stroke-opacity:1' />
<path class='bond-3 atom-4 atom-5' d='M 48.5,38.2 L 48.0,48.1' style='fill:none;fill-rule:evenodd;stroke:#000000;stroke-width:2.0px;stroke-linecap:butt;stroke-linejoin:miter;stroke-opacity:1;stroke-dasharray:6,4' />
<path class='bond-3 atom-4 atom-5' d='M 48.0,48.1 L 47.4,58.1' style='fill:none;fill-rule:evenodd;stroke:#0000FF;stroke-width:2.0px;stroke-linecap:butt;stroke-linejoin:miter;stroke-opacity:1;stroke-dasharray:6,4' />
<path class='bond-4 atom-5 atom-6' d='M 55.2,66.7 L 63.6,74.2' style='fill:none;fill-rule:evenodd;stroke:#0000FF;stroke-width:2.0px;stroke-linecap:butt;stroke-linejoin:miter;stroke-opacity:1' />
<path class='bond-4 atom-5 atom-6' d='M 63.6,74.2 L 72.1,81.7' style='fill:none;fill-rule:evenodd;stroke:#000000;stroke-width:2.0px;stroke-linecap:butt;stroke-linejoin:miter;stroke-opacity:1' />
<path class='bond-5 atom-6 atom-7' d='M 72.1,81.7 L 62.4,107.7' style='fill:none;fill-rule:evenodd;stroke:#000000;stroke-width:2.0px;stroke-linecap:butt;stroke-linejoin:miter;stroke-opacity:1' />
<path class='bond-5 atom-6 atom-7' d='M 75.1,85.4 L 67.1,106.9' style='fill:none;fill-rule:evenodd;stroke:#000000;stroke-width:2.0px;stroke-linecap:butt;stroke-linejoin:miter;stroke-opacity:1' />
<path class='bond-6 atom-7 atom-8' d='M 62.4,107.7 L 80.2,129.1' style='fill:none;fill-rule:evenodd;stroke:#000000;stroke-width:2.0px;stroke-linecap:butt;stroke-linejoin:miter;stroke-opacity:1' />
<path class='bond-7 atom-8 atom-9' d='M 80.2,129.1 L 104.8,124.9' style='fill:none;fill-rule:evenodd;stroke:#E5E5E5;stroke-width:1.5px;stroke-linecap:butt;stroke-linejoin:miter;stroke-opacity:1' />
<path class='bond-7 atom-8 atom-9' d='M 81.8,124.6 L 104.1,120.8' style='fill:none;fill-rule:evenodd;stroke:#E5E5E5;stroke-width:1.5px;stroke-linecap:butt;stroke-linejoin:miter;stroke-opacity:1' />
<path class='bond-8 atom-9 atom-10' d='M 109.4,119.5 L 117.2,98.4' style='fill:none;fill-rule:evenodd;stroke:#E5E5E5;stroke-width:1.5px;stroke-linecap:butt;stroke-linejoin:miter;stroke-opacity:1' />
<path class='bond-9 atom-10 atom-11' d='M 117.2,98.4 L 99.5,77.0' style='fill:none;fill-rule:evenodd;stroke:#000000;stroke-width:2.0px;stroke-linecap:butt;stroke-linejoin:miter;stroke-opacity:1' />
<path class='bond-9 atom-10 atom-11' d='M 112.5,99.2 L 97.8,81.5' style='fill:none;fill-rule:evenodd;stroke:#000000;stroke-width:2.0px;stroke-linecap:butt;stroke-linejoin:miter;stroke-opacity:1' />
<path class='bond-10 atom-11 atom-12' d='M 99.5,77.0 L 112.9,52.7' style='fill:none;fill-rule:evenodd;stroke:#000000;stroke-width:2.0px;stroke-linecap:butt;stroke-linejoin:miter;stroke-opacity:1' />
<path class='bond-11 atom-12 atom-13' d='M 112.9,52.7 L 137.9,54.0' style='fill:none;fill-rule:evenodd;stroke:#E5E5E5;stroke-width:1.5px;stroke-linecap:butt;stroke-linejoin:miter;stroke-opacity:1' />
<path class='bond-12 atom-12 atom-14' d='M 115.2,52.8 L 104.4,26.7' style='fill:none;fill-rule:evenodd;stroke:#E5E5E5;stroke-width:1.5px;stroke-linecap:butt;stroke-linejoin:miter;stroke-opacity:1' />
<path class='bond-12 atom-12 atom-14' d='M 111.6,55.0 L 100.5,28.3' style='fill:none;fill-rule:evenodd;stroke:#E5E5E5;stroke-width:1.5px;stroke-linecap:butt;stroke-linejoin:miter;stroke-opacity:1' />
<path class='bond-13 atom-5 atom-1' d='M 47.4,64.2 L 35.9,67.2' style='fill:none;fill-rule:evenodd;stroke:#0000FF;stroke-width:2.0px;stroke-linecap:butt;stroke-linejoin:miter;stroke-opacity:1' />
<path class='bond-13 atom-5 atom-1' d='M 35.9,67.2 L 24.4,70.3' style='fill:none;fill-rule:evenodd;stroke:#000000;stroke-width:2.0px;stroke-linecap:butt;stroke-linejoin:miter;stroke-opacity:1' />
<path class='bond-13 atom-5 atom-1' d='M 46.3,60.2 L 36.3,62.8' style='fill:none;fill-rule:evenodd;stroke:#0000FF;stroke-width:2.0px;stroke-linecap:butt;stroke-linejoin:miter;stroke-opacity:1;stroke-dasharray:6,4' />
<path class='bond-13 atom-5 atom-1' d='M 36.3,62.8 L 26.3,65.5' style='fill:none;fill-rule:evenodd;stroke:#000000;stroke-width:2.0px;stroke-linecap:butt;stroke-linejoin:miter;stroke-opacity:1;stroke-dasharray:6,4' />
<path class='bond-14 atom-11 atom-6' d='M 99.5,77.0 L 72.1,81.7' style='fill:none;fill-rule:evenodd;stroke:#000000;stroke-width:2.0px;stroke-linecap:butt;stroke-linejoin:miter;stroke-opacity:1' />
<path class='bond-15 atom-15 atom-4' d='M 74.8,19.8 L 52.8,35.4' style='fill:none;fill-rule:evenodd;stroke:#E5E5E5;stroke-width:1.5px;stroke-linecap:butt;stroke-linejoin:miter;stroke-opacity:1' />
<path d='M 62.9,106.4 L 62.4,107.7 L 63.3,108.8' style='fill:none;stroke:#000000;stroke-width:2.0px;stroke-linecap:butt;stroke-linejoin:miter;stroke-opacity:1;' />
<path d='M 79.7,128.6 L 80.2,129.1 L 80.8,129.0' style='fill:none;stroke:#000000;stroke-width:2.0px;stroke-linecap:butt;stroke-linejoin:miter;stroke-opacity:1;' />
<path d='M 117.0,98.9 L 117.2,98.4 L 116.8,97.9' style='fill:none;stroke:#E5E5E5;stroke-width:1.5px;stroke-linecap:butt;stroke-linejoin:miter;stroke-opacity:1;' />
<path d='M 112.5,53.3 L 112.9,52.7 L 113.5,52.7' style='fill:none;stroke:#000000;stroke-width:2.0px;stroke-linecap:butt;stroke-linejoin:miter;stroke-opacity:1;' />
<path class='atom-0' d='M 12.9 95.3
L 14.1 94.2
L 12.5 93.8
L 12.8 93.1
L 14.2 93.8
L 14.0 92.2
L 14.8 92.2
L 14.6 93.8
L 16.0 93.1
L 16.3 93.8
L 14.7 94.1
L 15.8 95.3
L 15.1 95.8
L 14.4 94.3
L 13.6 95.8
L 12.9 95.3
' fill='#191919'/>
<path class='atom-2' d='M 7.9 46.0
L 9.0 44.9
L 7.5 44.6
L 7.7 43.8
L 9.1 44.5
L 8.9 42.9
L 9.8 42.9
L 9.5 44.5
L 11.0 43.8
L 11.2 44.6
L 9.7 44.8
L 10.8 46.0
L 10.1 46.5
L 9.3 45.1
L 8.6 46.5
L 7.9 46.0
' fill='#191919'/>
<path class='atom-3' d='M 25.4 24.5
L 26.6 23.3
L 25.1 23.0
L 25.3 22.2
L 26.7 22.9
L 26.5 21.4
L 27.3 21.4
L 27.1 22.9
L 28.5 22.2
L 28.8 23.0
L 27.2 23.3
L 28.3 24.5
L 27.7 25.0
L 26.9 23.5
L 26.1 25.0
L 25.4 24.5
' fill='#191919'/>
<path class='atom-5' d='M 49.6 59.2
L 52.1 63.4
Q 52.4 63.8, 52.8 64.6
Q 53.2 65.3, 53.2 65.3
L 53.2 59.2
L 54.3 59.2
L 54.3 67.1
L 53.2 67.1
L 50.4 62.5
Q 50.1 62.0, 49.8 61.4
Q 49.4 60.8, 49.3 60.6
L 49.3 67.1
L 48.3 67.1
L 48.3 59.2
L 49.6 59.2
' fill='#0000FF'/>
<path class='atom-9' d='M 106.1 123.6
L 107.2 122.4
L 105.7 122.1
L 105.9 121.3
L 107.3 122.0
L 107.1 120.5
L 108.0 120.5
L 107.7 122.0
L 109.2 121.3
L 109.4 122.1
L 107.9 122.4
L 109.0 123.6
L 108.3 124.1
L 107.5 122.6
L 106.8 124.1
L 106.1 123.6
' fill='#191919'/>
<path class='atom-13' d='M 139.2 53.3
L 140.3 52.1
L 138.8 51.8
L 139.0 51.0
L 140.4 51.7
L 140.2 50.2
L 141.1 50.2
L 140.8 51.7
L 142.3 51.1
L 142.5 51.8
L 140.9 52.1
L 142.1 53.3
L 141.4 53.8
L 140.6 52.3
L 139.8 53.8
L 139.2 53.3
' fill='#191919'/>
<path class='atom-14' d='M 100.7 26.1
L 101.9 24.9
L 100.4 24.6
L 100.6 23.8
L 102.0 24.5
L 101.8 23.0
L 102.6 23.0
L 102.4 24.5
L 103.8 23.9
L 104.1 24.6
L 102.5 24.9
L 103.6 26.1
L 103.0 26.6
L 102.2 25.1
L 101.4 26.6
L 100.7 26.1
' fill='#191919'/>
<path class='atom-15' d='M 74.0 18.4
L 75.2 17.2
L 73.6 16.9
L 73.9 16.1
L 75.3 16.9
L 75.1 15.3
L 75.9 15.3
L 75.7 16.8
L 77.1 16.2
L 77.4 16.9
L 75.8 17.2
L 76.9 18.4
L 76.2 18.9
L 75.5 17.4
L 74.7 18.9
L 74.0 18.4
' fill='#191919'/>
</svg>
"
759,5.9157476,CCOC(=O)c1ccc(C#Cc2ccc3c(c2)C(C)(C)CCS3)nc1,C(CS)C(c)(C)C,"<?xml version='1.0' encoding='iso-8859-1'?>
<svg version='1.1' baseProfile='full'
              xmlns='http://www.w3.org/2000/svg'
                      xmlns:rdkit='http://www.rdkit.org/xml'
                      xmlns:xlink='http://www.w3.org/1999/xlink'
                  xml:space='preserve'
width='150px' height='150px' viewBox='0 0 150 150'>
<!-- END OF HEADER -->
<rect style='opacity:1.0;fill:#FFFFFF;stroke:none' width='150.0' height='150.0' x='0.0' y='0.0'> </rect>
<ellipse cx='51.6' cy='88.5' rx='8.3' ry='8.3' class='atom-1'  style='fill:#E5E533;fill-rule:evenodd;stroke:#E5E533;stroke-width:1.0px;stroke-linecap:butt;stroke-linejoin:miter;stroke-opacity:1' />
<ellipse cx='74.4' cy='53.9' rx='8.3' ry='8.3' class='atom-3'  style='fill:#CCCCCC;fill-rule:evenodd;stroke:#CCCCCC;stroke-width:1.0px;stroke-linecap:butt;stroke-linejoin:miter;stroke-opacity:1' />
<ellipse cx='115.7' cy='56.5' rx='8.3' ry='8.3' class='atom-6'  style='fill:#9999E5;fill-rule:evenodd;stroke:#9999E5;stroke-width:1.0px;stroke-linecap:butt;stroke-linejoin:miter;stroke-opacity:1' />
<ellipse cx='134.2' cy='93.5' rx='8.3' ry='8.3' class='atom-7'  style='fill:#CCCCCC;fill-rule:evenodd;stroke:#CCCCCC;stroke-width:1.0px;stroke-linecap:butt;stroke-linejoin:miter;stroke-opacity:1' />
<ellipse cx='111.4' cy='128.0' rx='8.3' ry='8.3' class='atom-8'  style='fill:#CCCCCC;fill-rule:evenodd;stroke:#CCCCCC;stroke-width:1.0px;stroke-linecap:butt;stroke-linejoin:miter;stroke-opacity:1' />
<path class='bond-0 atom-0 atom-1' d='M 66.4,118.2 L 51.6,88.5' style='fill:none;fill-rule:evenodd;stroke:#E5E5E5;stroke-width:2.2px;stroke-linecap:butt;stroke-linejoin:miter;stroke-opacity:1' />
<path class='bond-0 atom-0 atom-1' d='M 72.0,115.4 L 58.7,88.9' style='fill:none;fill-rule:evenodd;stroke:#E5E5E5;stroke-width:2.2px;stroke-linecap:butt;stroke-linejoin:miter;stroke-opacity:1' />
<path class='bond-1 atom-1 atom-2' d='M 51.6,88.5 L 14.4,86.2' style='fill:none;fill-rule:evenodd;stroke:#E5E5E5;stroke-width:2.2px;stroke-linecap:butt;stroke-linejoin:miter;stroke-opacity:1' />
<path class='bond-2 atom-1 atom-3' d='M 51.6,88.5 L 74.4,53.9' style='fill:none;fill-rule:evenodd;stroke:#000000;stroke-width:2.0px;stroke-linecap:butt;stroke-linejoin:miter;stroke-opacity:1' />
<path class='bond-3 atom-3 atom-4' d='M 74.4,53.9 L 84.1,13.7' style='fill:none;fill-rule:evenodd;stroke:#000000;stroke-width:2.0px;stroke-linecap:butt;stroke-linejoin:miter;stroke-opacity:1' />
<path class='bond-4 atom-3 atom-5' d='M 74.4,53.9 L 36.5,37.4' style='fill:none;fill-rule:evenodd;stroke:#000000;stroke-width:2.0px;stroke-linecap:butt;stroke-linejoin:miter;stroke-opacity:1' />
<path class='bond-5 atom-3 atom-6' d='M 74.4,53.9 L 115.7,56.5' style='fill:none;fill-rule:evenodd;stroke:#000000;stroke-width:2.0px;stroke-linecap:butt;stroke-linejoin:miter;stroke-opacity:1' />
<path class='bond-6 atom-6 atom-7' d='M 115.7,56.5 L 134.2,93.5' style='fill:none;fill-rule:evenodd;stroke:#000000;stroke-width:2.0px;stroke-linecap:butt;stroke-linejoin:miter;stroke-opacity:1' />
<path class='bond-7 atom-7 atom-8' d='M 134.2,93.5 L 125.2,107.2' style='fill:none;fill-rule:evenodd;stroke:#000000;stroke-width:2.0px;stroke-linecap:butt;stroke-linejoin:miter;stroke-opacity:1' />
<path class='bond-7 atom-7 atom-8' d='M 125.2,107.2 L 116.2,120.8' style='fill:none;fill-rule:evenodd;stroke:#CCCC00;stroke-width:2.0px;stroke-linecap:butt;stroke-linejoin:miter;stroke-opacity:1' />
<path class='bond-8 atom-8 atom-0' d='M 106.3,127.7 L 74.2,125.8' style='fill:none;fill-rule:evenodd;stroke:#E5E5E5;stroke-width:2.2px;stroke-linecap:butt;stroke-linejoin:miter;stroke-opacity:1' />
<path d='M 113.7,56.3 L 115.7,56.5 L 116.7,58.3' style='fill:none;stroke:#000000;stroke-width:2.0px;stroke-linecap:butt;stroke-linejoin:miter;stroke-opacity:1;' />
<path d='M 133.3,91.7 L 134.2,93.5 L 133.8,94.2' style='fill:none;stroke:#000000;stroke-width:2.0px;stroke-linecap:butt;stroke-linejoin:miter;stroke-opacity:1;' />
<path class='atom-0' d='M 67.9 124.2
L 69.6 122.4
L 67.3 122.0
L 67.6 120.8
L 69.7 121.9
L 69.4 119.6
L 70.7 119.5
L 70.3 121.8
L 72.5 120.9
L 72.8 122.0
L 70.5 122.4
L 72.2 124.2
L 71.2 124.9
L 70.0 122.7
L 68.9 124.9
L 67.9 124.2
' fill='#191919'/>
<path class='atom-2' d='M 8.1 84.6
L 9.8 82.9
L 7.5 82.4
L 7.8 81.2
L 10.0 82.3
L 9.7 80.0
L 10.9 80.0
L 10.5 82.3
L 12.7 81.3
L 13.0 82.4
L 10.7 82.9
L 12.4 84.6
L 11.4 85.4
L 10.2 83.2
L 9.1 85.4
L 8.1 84.6
' fill='#191919'/>
<path class='atom-8' d='M 108.1 132.0
Q 108.2 132.1, 108.7 132.3
Q 109.3 132.6, 109.9 132.7
Q 110.5 132.8, 111.1 132.8
Q 112.2 132.8, 112.9 132.3
Q 113.5 131.8, 113.5 130.8
Q 113.5 130.2, 113.2 129.8
Q 112.9 129.4, 112.4 129.2
Q 111.9 129.0, 111.0 128.7
Q 110.0 128.4, 109.4 128.1
Q 108.7 127.8, 108.3 127.2
Q 107.9 126.5, 107.9 125.5
Q 107.9 124.0, 108.9 123.1
Q 109.9 122.2, 111.9 122.2
Q 113.2 122.2, 114.8 122.8
L 114.4 124.1
Q 113.0 123.5, 111.9 123.5
Q 110.8 123.5, 110.1 124.0
Q 109.5 124.5, 109.5 125.3
Q 109.5 125.9, 109.8 126.3
Q 110.2 126.7, 110.6 126.9
Q 111.1 127.1, 111.9 127.3
Q 113.0 127.7, 113.6 128.0
Q 114.2 128.3, 114.7 129.0
Q 115.1 129.7, 115.1 130.8
Q 115.1 132.4, 114.0 133.3
Q 113.0 134.2, 111.2 134.2
Q 110.1 134.2, 109.3 134.0
Q 108.6 133.7, 107.6 133.4
L 108.1 132.0
' fill='#CCCC00'/>
</svg>
"
1137,5.737047,O=Nc1ccc(Nc2ccccc2)cc1,N(=O)c(c)c,"<?xml version='1.0' encoding='iso-8859-1'?>
<svg version='1.1' baseProfile='full'
              xmlns='http://www.w3.org/2000/svg'
                      xmlns:rdkit='http://www.rdkit.org/xml'
                      xmlns:xlink='http://www.w3.org/1999/xlink'
                  xml:space='preserve'
width='150px' height='150px' viewBox='0 0 150 150'>
<!-- END OF HEADER -->
<rect style='opacity:1.0;fill:#FFFFFF;stroke:none' width='150.0' height='150.0' x='0.0' y='0.0'> </rect>
<ellipse cx='42.9' cy='104.2' rx='7.5' ry='7.5' class='atom-1'  style='fill:#9999E5;fill-rule:evenodd;stroke:#9999E5;stroke-width:1.0px;stroke-linecap:butt;stroke-linejoin:miter;stroke-opacity:1' />
<ellipse cx='76.8' cy='88.4' rx='7.5' ry='7.5' class='atom-2'  style='fill:#E5E533;fill-rule:evenodd;stroke:#E5E533;stroke-width:1.0px;stroke-linecap:butt;stroke-linejoin:miter;stroke-opacity:1' />
<ellipse cx='80.0' cy='51.3' rx='7.5' ry='7.5' class='atom-3'  style='fill:#E5E533;fill-rule:evenodd;stroke:#E5E533;stroke-width:1.0px;stroke-linecap:butt;stroke-linejoin:miter;stroke-opacity:1' />
<ellipse cx='107.3' cy='109.9' rx='7.5' ry='7.5' class='atom-6'  style='fill:#E5E533;fill-rule:evenodd;stroke:#E5E533;stroke-width:1.0px;stroke-linecap:butt;stroke-linejoin:miter;stroke-opacity:1' />
<path class='bond-0 atom-0 atom-1' d='M 20.0,84.7 L 29.7,91.5' style='fill:none;fill-rule:evenodd;stroke:#FF0000;stroke-width:2.0px;stroke-linecap:butt;stroke-linejoin:miter;stroke-opacity:1' />
<path class='bond-0 atom-0 atom-1' d='M 29.7,91.5 L 39.3,98.2' style='fill:none;fill-rule:evenodd;stroke:#0000FF;stroke-width:2.0px;stroke-linecap:butt;stroke-linejoin:miter;stroke-opacity:1' />
<path class='bond-0 atom-0 atom-1' d='M 16.8,89.3 L 26.5,96.1' style='fill:none;fill-rule:evenodd;stroke:#FF0000;stroke-width:2.0px;stroke-linecap:butt;stroke-linejoin:miter;stroke-opacity:1' />
<path class='bond-0 atom-0 atom-1' d='M 26.5,96.1 L 36.1,102.8' style='fill:none;fill-rule:evenodd;stroke:#0000FF;stroke-width:2.0px;stroke-linecap:butt;stroke-linejoin:miter;stroke-opacity:1' />
<path class='bond-1 atom-1 atom-2' d='M 48.2,101.8 L 62.5,95.1' style='fill:none;fill-rule:evenodd;stroke:#0000FF;stroke-width:2.0px;stroke-linecap:butt;stroke-linejoin:miter;stroke-opacity:1' />
<path class='bond-1 atom-1 atom-2' d='M 62.5,95.1 L 76.8,88.4' style='fill:none;fill-rule:evenodd;stroke:#000000;stroke-width:2.0px;stroke-linecap:butt;stroke-linejoin:miter;stroke-opacity:1' />
<path class='bond-2 atom-2 atom-3' d='M 76.8,88.4 L 80.0,51.3' style='fill:none;fill-rule:evenodd;stroke:#000000;stroke-width:2.0px;stroke-linecap:butt;stroke-linejoin:miter;stroke-opacity:1' />
<path class='bond-2 atom-2 atom-3' d='M 82.6,85.7 L 85.3,55.0' style='fill:none;fill-rule:evenodd;stroke:#000000;stroke-width:2.0px;stroke-linecap:butt;stroke-linejoin:miter;stroke-opacity:1;stroke-dasharray:6,4' />
<path class='bond-3 atom-3 atom-4' d='M 80.0,51.3 L 112.4,36.2' style='fill:none;fill-rule:evenodd;stroke:#E5E5E5;stroke-width:2.0px;stroke-linecap:butt;stroke-linejoin:miter;stroke-opacity:1' />
<path class='bond-3 atom-3 atom-4' d='M 85.3,55.0 L 114.8,41.3' style='fill:none;fill-rule:evenodd;stroke:#E5E5E5;stroke-width:2.0px;stroke-linecap:butt;stroke-linejoin:miter;stroke-opacity:1;stroke-dasharray:6,4' />
<path class='bond-4 atom-5 atom-6' d='M 139.7,94.8 L 107.3,109.9' style='fill:none;fill-rule:evenodd;stroke:#E5E5E5;stroke-width:2.0px;stroke-linecap:butt;stroke-linejoin:miter;stroke-opacity:1' />
<path class='bond-4 atom-5 atom-6' d='M 137.3,89.7 L 107.9,103.4' style='fill:none;fill-rule:evenodd;stroke:#E5E5E5;stroke-width:2.0px;stroke-linecap:butt;stroke-linejoin:miter;stroke-opacity:1;stroke-dasharray:6,4' />
<path class='bond-5 atom-6 atom-2' d='M 107.3,109.9 L 76.8,88.4' style='fill:none;fill-rule:evenodd;stroke:#000000;stroke-width:2.0px;stroke-linecap:butt;stroke-linejoin:miter;stroke-opacity:1' />
<path class='bond-5 atom-6 atom-2' d='M 107.9,103.4 L 82.6,85.7' style='fill:none;fill-rule:evenodd;stroke:#000000;stroke-width:2.0px;stroke-linecap:butt;stroke-linejoin:miter;stroke-opacity:1;stroke-dasharray:6,4' />
<path d='M 80.0,52.2 L 80.0,51.3 L 80.9,50.9' style='fill:none;stroke:#000000;stroke-width:2.0px;stroke-linecap:butt;stroke-linejoin:miter;stroke-opacity:1;' />
<path d='M 108.1,109.5 L 107.3,109.9 L 106.6,109.3' style='fill:none;stroke:#E5E5E5;stroke-width:2.0px;stroke-linecap:butt;stroke-linejoin:miter;stroke-opacity:1;' />
<path class='atom-0' d='M 7.5 82.8
Q 7.5 80.3, 8.8 78.8
Q 10.0 77.4, 12.4 77.4
Q 14.7 77.4, 16.0 78.8
Q 17.2 80.3, 17.2 82.8
Q 17.2 85.4, 15.9 86.8
Q 14.7 88.3, 12.4 88.3
Q 10.0 88.3, 8.8 86.8
Q 7.5 85.4, 7.5 82.8
M 12.4 87.1
Q 14.0 87.1, 14.8 86.0
Q 15.7 84.9, 15.7 82.8
Q 15.7 80.7, 14.8 79.7
Q 14.0 78.6, 12.4 78.6
Q 10.7 78.6, 9.9 79.7
Q 9.0 80.7, 9.0 82.8
Q 9.0 84.9, 9.9 86.0
Q 10.7 87.1, 12.4 87.1
' fill='#FF0000'/>
<path class='atom-1' d='M 40.6 98.9
L 44.0 104.5
Q 44.4 105.1, 44.9 106.1
Q 45.5 107.1, 45.5 107.1
L 45.5 98.9
L 46.9 98.9
L 46.9 109.5
L 45.5 109.5
L 41.8 103.4
Q 41.3 102.6, 40.9 101.8
Q 40.4 101.0, 40.3 100.7
L 40.3 109.5
L 38.9 109.5
L 38.9 98.9
L 40.6 98.9
' fill='#0000FF'/>
<path class='atom-4' d='M 113.1 36.9
L 114.6 35.3
L 112.6 34.9
L 112.9 33.8
L 114.8 34.7
L 114.5 32.7
L 115.6 32.7
L 115.3 34.7
L 117.2 33.8
L 117.6 34.9
L 115.5 35.2
L 117.0 36.8
L 116.1 37.5
L 115.0 35.5
L 114.0 37.5
L 113.1 36.9
' fill='#191919'/>
<path class='atom-5' d='M 138.0 90.4
L 139.6 88.8
L 137.5 88.4
L 137.8 87.3
L 139.7 88.3
L 139.4 86.2
L 140.6 86.2
L 140.2 88.3
L 142.2 87.4
L 142.5 88.4
L 140.4 88.8
L 141.9 90.4
L 141.0 91.0
L 140.0 89.1
L 138.9 91.0
L 138.0 90.4
' fill='#191919'/>
</svg>
"
1212,5.7159185,O=C1c2ccccc2C(=O)C1c1ccc2cc(S(=O)(=O)[O-])cc(S(=O)(=O)[O-])c2n1,c(cc)c(C)n,"<?xml version='1.0' encoding='iso-8859-1'?>
<svg version='1.1' baseProfile='full'
              xmlns='http://www.w3.org/2000/svg'
                      xmlns:rdkit='http://www.rdkit.org/xml'
                      xmlns:xlink='http://www.w3.org/1999/xlink'
                  xml:space='preserve'
width='150px' height='150px' viewBox='0 0 150 150'>
<!-- END OF HEADER -->
<rect style='opacity:1.0;fill:#FFFFFF;stroke:none' width='150.0' height='150.0' x='0.0' y='0.0'> </rect>
<ellipse cx='30.0' cy='68.3' rx='5.6' ry='5.6' class='atom-1'  style='fill:#CCCCCC;fill-rule:evenodd;stroke:#CCCCCC;stroke-width:1.0px;stroke-linecap:butt;stroke-linejoin:miter;stroke-opacity:1' />
<ellipse cx='57.6' cy='73.7' rx='5.6' ry='5.6' class='atom-2'  style='fill:#E5E533;fill-rule:evenodd;stroke:#E5E533;stroke-width:1.0px;stroke-linecap:butt;stroke-linejoin:miter;stroke-opacity:1' />
<ellipse cx='66.8' cy='100.3' rx='5.6' ry='5.6' class='atom-3'  style='fill:#9999E5;fill-rule:evenodd;stroke:#9999E5;stroke-width:1.0px;stroke-linecap:butt;stroke-linejoin:miter;stroke-opacity:1' />
<ellipse cx='94.5' cy='105.6' rx='5.6' ry='5.6' class='atom-4'  style='fill:#E5E533;fill-rule:evenodd;stroke:#E5E533;stroke-width:1.0px;stroke-linecap:butt;stroke-linejoin:miter;stroke-opacity:1' />
<ellipse cx='112.9' cy='84.3' rx='5.6' ry='5.6' class='atom-5'  style='fill:#E5E533;fill-rule:evenodd;stroke:#E5E533;stroke-width:1.0px;stroke-linecap:butt;stroke-linejoin:miter;stroke-opacity:1' />
<ellipse cx='76.1' cy='52.4' rx='5.6' ry='5.6' class='atom-8'  style='fill:#E5E533;fill-rule:evenodd;stroke:#E5E533;stroke-width:1.0px;stroke-linecap:butt;stroke-linejoin:miter;stroke-opacity:1' />
<path class='bond-0 atom-0 atom-1' d='M 12.2,84.9 L 30.0,68.3' style='fill:none;fill-rule:evenodd;stroke:#E5E5E5;stroke-width:1.5px;stroke-linecap:butt;stroke-linejoin:miter;stroke-opacity:1' />
<path class='bond-1 atom-1 atom-2' d='M 30.0,68.3 L 57.6,73.7' style='fill:none;fill-rule:evenodd;stroke:#000000;stroke-width:2.0px;stroke-linecap:butt;stroke-linejoin:miter;stroke-opacity:1' />
<path class='bond-2 atom-2 atom-3' d='M 57.6,73.7 L 66.8,100.3' style='fill:none;fill-rule:evenodd;stroke:#000000;stroke-width:2.0px;stroke-linecap:butt;stroke-linejoin:miter;stroke-opacity:1' />
<path class='bond-2 atom-2 atom-3' d='M 62.4,74.6 L 70.0,96.6' style='fill:none;fill-rule:evenodd;stroke:#000000;stroke-width:2.0px;stroke-linecap:butt;stroke-linejoin:miter;stroke-opacity:1' />
<path class='bond-3 atom-3 atom-4' d='M 66.8,100.3 L 94.5,105.6' style='fill:none;fill-rule:evenodd;stroke:#000000;stroke-width:2.0px;stroke-linecap:butt;stroke-linejoin:miter;stroke-opacity:1' />
<path class='bond-4 atom-4 atom-5' d='M 94.5,105.6 L 112.9,84.3' style='fill:none;fill-rule:evenodd;stroke:#000000;stroke-width:2.0px;stroke-linecap:butt;stroke-linejoin:miter;stroke-opacity:1' />
<path class='bond-4 atom-4 atom-5' d='M 92.9,101.0 L 108.2,83.4' style='fill:none;fill-rule:evenodd;stroke:#000000;stroke-width:2.0px;stroke-linecap:butt;stroke-linejoin:miter;stroke-opacity:1' />
<path class='bond-5 atom-5 atom-6' d='M 112.9,84.3 L 137.8,89.1' style='fill:none;fill-rule:evenodd;stroke:#E5E5E5;stroke-width:1.5px;stroke-linecap:butt;stroke-linejoin:miter;stroke-opacity:1' />
<path class='bond-6 atom-7 atom-8' d='M 100.9,57.1 L 80.0,53.1' style='fill:none;fill-rule:evenodd;stroke:#E5E5E5;stroke-width:1.5px;stroke-linecap:butt;stroke-linejoin:miter;stroke-opacity:1' />
<path class='bond-6 atom-7 atom-8' d='M 100.1,61.3 L 79.2,57.3' style='fill:none;fill-rule:evenodd;stroke:#E5E5E5;stroke-width:1.5px;stroke-linecap:butt;stroke-linejoin:miter;stroke-opacity:1' />
<path class='bond-7 atom-1 atom-9' d='M 30.0,68.3 L 18.2,43.3' style='fill:none;fill-rule:evenodd;stroke:#E5E5E5;stroke-width:1.5px;stroke-linecap:butt;stroke-linejoin:miter;stroke-opacity:1' />
<path class='bond-8 atom-8 atom-2' d='M 72.1,56.9 L 64.9,65.3' style='fill:none;fill-rule:evenodd;stroke:#0000FF;stroke-width:2.0px;stroke-linecap:butt;stroke-linejoin:miter;stroke-opacity:1' />
<path class='bond-8 atom-8 atom-2' d='M 64.9,65.3 L 57.6,73.7' style='fill:none;fill-rule:evenodd;stroke:#000000;stroke-width:2.0px;stroke-linecap:butt;stroke-linejoin:miter;stroke-opacity:1' />
<path class='bond-9 atom-7 atom-5' d='M 103.9,58.2 L 112.9,84.3' style='fill:none;fill-rule:evenodd;stroke:#E5E5E5;stroke-width:1.5px;stroke-linecap:butt;stroke-linejoin:miter;stroke-opacity:1' />
<path d='M 66.4,98.9 L 66.8,100.3 L 68.2,100.5' style='fill:none;stroke:#000000;stroke-width:2.0px;stroke-linecap:butt;stroke-linejoin:miter;stroke-opacity:1;' />
<path d='M 93.1,105.3 L 94.5,105.6 L 95.4,104.5' style='fill:none;stroke:#000000;stroke-width:2.0px;stroke-linecap:butt;stroke-linejoin:miter;stroke-opacity:1;' />
<path class='atom-0' d='M 7.9 86.7
L 9.1 85.5
L 7.5 85.2
L 7.7 84.4
L 9.2 85.1
L 9.0 83.5
L 9.8 83.5
L 9.6 85.1
L 11.0 84.4
L 11.3 85.2
L 9.7 85.5
L 10.8 86.7
L 10.1 87.2
L 9.4 85.7
L 8.6 87.2
L 7.9 86.7
' fill='#191919'/>
<path class='atom-6' d='M 139.1 88.7
L 140.3 87.5
L 138.7 87.2
L 139.0 86.4
L 140.4 87.1
L 140.2 85.6
L 141.0 85.6
L 140.8 87.1
L 142.3 86.5
L 142.5 87.2
L 140.9 87.5
L 142.0 88.7
L 141.4 89.2
L 140.6 87.7
L 139.8 89.2
L 139.1 88.7
' fill='#191919'/>
<path class='atom-7' d='M 102.2 56.8
L 103.4 55.6
L 101.8 55.3
L 102.1 54.5
L 103.5 55.2
L 103.3 53.6
L 104.1 53.6
L 103.9 55.2
L 105.4 54.5
L 105.6 55.3
L 104.0 55.6
L 105.2 56.8
L 104.5 57.3
L 103.7 55.8
L 102.9 57.3
L 102.2 56.8
' fill='#191919'/>
<path class='atom-8' d='M 74.3 48.4
L 76.9 52.6
Q 77.2 53.0, 77.6 53.8
Q 78.0 54.5, 78.0 54.6
L 78.0 48.4
L 79.1 48.4
L 79.1 56.3
L 78.0 56.3
L 75.2 51.7
Q 74.9 51.2, 74.5 50.6
Q 74.2 49.9, 74.1 49.8
L 74.1 56.3
L 73.0 56.3
L 73.0 48.4
L 74.3 48.4
' fill='#0000FF'/>
<path class='atom-9' d='M 16.5 41.9
L 17.7 40.7
L 16.1 40.4
L 16.3 39.6
L 17.8 40.3
L 17.6 38.8
L 18.4 38.8
L 18.2 40.3
L 19.6 39.7
L 19.9 40.4
L 18.3 40.7
L 19.4 41.9
L 18.7 42.4
L 18.0 40.9
L 17.2 42.4
L 16.5 41.9
' fill='#191919'/>
</svg>
"
1662,5.662429,O=S(=O)([O-])c1ccc2c(/N=N\c3ccc(S(=O)(=O)[O-])c4ccccc34)c(O)c(S(=O)(=O)[O-])cc2c1,c(cc)(c(c)N)c(c)c,"<?xml version='1.0' encoding='iso-8859-1'?>
<svg version='1.1' baseProfile='full'
              xmlns='http://www.w3.org/2000/svg'
                      xmlns:rdkit='http://www.rdkit.org/xml'
                      xmlns:xlink='http://www.w3.org/1999/xlink'
                  xml:space='preserve'
width='150px' height='150px' viewBox='0 0 150 150'>
<!-- END OF HEADER -->
<rect style='opacity:1.0;fill:#FFFFFF;stroke:none' width='150.0' height='150.0' x='0.0' y='0.0'> </rect>
<ellipse cx='55.9' cy='63.0' rx='5.7' ry='5.7' class='atom-2'  style='fill:#E5E533;fill-rule:evenodd;stroke:#E5E533;stroke-width:1.0px;stroke-linecap:butt;stroke-linejoin:miter;stroke-opacity:1' />
<ellipse cx='45.8' cy='89.8' rx='5.7' ry='5.7' class='atom-3'  style='fill:#E5E533;fill-rule:evenodd;stroke:#E5E533;stroke-width:1.0px;stroke-linecap:butt;stroke-linejoin:miter;stroke-opacity:1' />
<ellipse cx='92.2' cy='107.2' rx='5.7' ry='5.7' class='atom-5'  style='fill:#E5E533;fill-rule:evenodd;stroke:#E5E533;stroke-width:1.0px;stroke-linecap:butt;stroke-linejoin:miter;stroke-opacity:1' />
<ellipse cx='102.3' cy='80.4' rx='5.7' ry='5.7' class='atom-7'  style='fill:#E5E533;fill-rule:evenodd;stroke:#E5E533;stroke-width:1.0px;stroke-linecap:butt;stroke-linejoin:miter;stroke-opacity:1' />
<ellipse cx='130.5' cy='75.7' rx='5.7' ry='5.7' class='atom-8'  style='fill:#E5E533;fill-rule:evenodd;stroke:#E5E533;stroke-width:1.0px;stroke-linecap:butt;stroke-linejoin:miter;stroke-opacity:1' />
<ellipse cx='122.4' cy='26.8' rx='5.7' ry='5.7' class='atom-10'  style='fill:#E5E533;fill-rule:evenodd;stroke:#E5E533;stroke-width:1.0px;stroke-linecap:butt;stroke-linejoin:miter;stroke-opacity:1' />
<ellipse cx='94.1' cy='31.5' rx='5.7' ry='5.7' class='atom-11'  style='fill:#E5E533;fill-rule:evenodd;stroke:#E5E533;stroke-width:1.0px;stroke-linecap:butt;stroke-linejoin:miter;stroke-opacity:1' />
<ellipse cx='84.1' cy='58.3' rx='5.7' ry='5.7' class='atom-12'  style='fill:#9999E5;fill-rule:evenodd;stroke:#9999E5;stroke-width:1.0px;stroke-linecap:butt;stroke-linejoin:miter;stroke-opacity:1' />
<path class='bond-0 atom-0 atom-1' d='M 11.9,43.0 L 33.3,39.5' style='fill:none;fill-rule:evenodd;stroke:#E5E5E5;stroke-width:1.5px;stroke-linecap:butt;stroke-linejoin:miter;stroke-opacity:1' />
<path class='bond-0 atom-0 atom-1' d='M 12.6,47.3 L 34.0,43.7' style='fill:none;fill-rule:evenodd;stroke:#E5E5E5;stroke-width:1.5px;stroke-linecap:butt;stroke-linejoin:miter;stroke-opacity:1' />
<path class='bond-1 atom-1 atom-2' d='M 41.7,45.8 L 48.8,54.4' style='fill:none;fill-rule:evenodd;stroke:#0000FF;stroke-width:2.0px;stroke-linecap:butt;stroke-linejoin:miter;stroke-opacity:1' />
<path class='bond-1 atom-1 atom-2' d='M 48.8,54.4 L 55.9,63.0' style='fill:none;fill-rule:evenodd;stroke:#000000;stroke-width:2.0px;stroke-linecap:butt;stroke-linejoin:miter;stroke-opacity:1' />
<path class='bond-2 atom-2 atom-3' d='M 55.9,63.0 L 45.8,89.8' style='fill:none;fill-rule:evenodd;stroke:#000000;stroke-width:2.0px;stroke-linecap:butt;stroke-linejoin:miter;stroke-opacity:1' />
<path class='bond-2 atom-2 atom-3' d='M 59.0,66.9 L 50.7,89.0' style='fill:none;fill-rule:evenodd;stroke:#000000;stroke-width:2.0px;stroke-linecap:butt;stroke-linejoin:miter;stroke-opacity:1' />
<path class='bond-3 atom-3 atom-4' d='M 45.8,89.8 L 61.1,108.5' style='fill:none;fill-rule:evenodd;stroke:#E5E5E5;stroke-width:1.5px;stroke-linecap:butt;stroke-linejoin:miter;stroke-opacity:1' />
<path class='bond-4 atom-4 atom-5' d='M 66.9,111.5 L 92.2,107.2' style='fill:none;fill-rule:evenodd;stroke:#E5E5E5;stroke-width:1.5px;stroke-linecap:butt;stroke-linejoin:miter;stroke-opacity:1' />
<path class='bond-4 atom-4 atom-5' d='M 66.2,107.2 L 89.1,103.4' style='fill:none;fill-rule:evenodd;stroke:#E5E5E5;stroke-width:1.5px;stroke-linecap:butt;stroke-linejoin:miter;stroke-opacity:1' />
<path class='bond-5 atom-5 atom-6' d='M 92.2,107.2 L 107.6,125.9' style='fill:none;fill-rule:evenodd;stroke:#E5E5E5;stroke-width:1.5px;stroke-linecap:butt;stroke-linejoin:miter;stroke-opacity:1' />
<path class='bond-6 atom-5 atom-7' d='M 92.2,107.2 L 102.3,80.4' style='fill:none;fill-rule:evenodd;stroke:#000000;stroke-width:2.0px;stroke-linecap:butt;stroke-linejoin:miter;stroke-opacity:1' />
<path class='bond-7 atom-7 atom-8' d='M 102.3,80.4 L 130.5,75.7' style='fill:none;fill-rule:evenodd;stroke:#000000;stroke-width:2.0px;stroke-linecap:butt;stroke-linejoin:miter;stroke-opacity:1' />
<path class='bond-7 atom-7 atom-8' d='M 104.0,75.8 L 127.4,71.9' style='fill:none;fill-rule:evenodd;stroke:#000000;stroke-width:2.0px;stroke-linecap:butt;stroke-linejoin:miter;stroke-opacity:1' />
<path class='bond-8 atom-8 atom-9' d='M 130.5,75.7 L 140.4,49.4' style='fill:none;fill-rule:evenodd;stroke:#E5E5E5;stroke-width:1.5px;stroke-linecap:butt;stroke-linejoin:miter;stroke-opacity:1' />
<path class='bond-9 atom-9 atom-10' d='M 137.7,45.4 L 122.4,26.8' style='fill:none;fill-rule:evenodd;stroke:#E5E5E5;stroke-width:1.5px;stroke-linecap:butt;stroke-linejoin:miter;stroke-opacity:1' />
<path class='bond-9 atom-9 atom-10' d='M 134.4,48.2 L 120.6,31.4' style='fill:none;fill-rule:evenodd;stroke:#E5E5E5;stroke-width:1.5px;stroke-linecap:butt;stroke-linejoin:miter;stroke-opacity:1' />
<path class='bond-10 atom-10 atom-11' d='M 122.4,26.8 L 94.1,31.5' style='fill:none;fill-rule:evenodd;stroke:#000000;stroke-width:2.0px;stroke-linecap:butt;stroke-linejoin:miter;stroke-opacity:1' />
<path class='bond-11 atom-11 atom-12' d='M 94.1,31.5 L 84.1,58.3' style='fill:none;fill-rule:evenodd;stroke:#000000;stroke-width:2.0px;stroke-linecap:butt;stroke-linejoin:miter;stroke-opacity:1' />
<path class='bond-11 atom-11 atom-12' d='M 97.3,35.3 L 89.0,57.5' style='fill:none;fill-rule:evenodd;stroke:#000000;stroke-width:2.0px;stroke-linecap:butt;stroke-linejoin:miter;stroke-opacity:1' />
<path class='bond-12 atom-12 atom-2' d='M 84.1,58.3 L 55.9,63.0' style='fill:none;fill-rule:evenodd;stroke:#000000;stroke-width:2.0px;stroke-linecap:butt;stroke-linejoin:miter;stroke-opacity:1' />
<path class='bond-13 atom-12 atom-7' d='M 84.1,58.3 L 102.3,80.4' style='fill:none;fill-rule:evenodd;stroke:#000000;stroke-width:2.0px;stroke-linecap:butt;stroke-linejoin:miter;stroke-opacity:1' />
<path d='M 46.1,89.2 L 45.8,89.8 L 46.2,90.3' style='fill:none;stroke:#000000;stroke-width:2.0px;stroke-linecap:butt;stroke-linejoin:miter;stroke-opacity:1;' />
<path d='M 129.8,75.8 L 130.5,75.7 L 130.8,75.1' style='fill:none;stroke:#000000;stroke-width:2.0px;stroke-linecap:butt;stroke-linejoin:miter;stroke-opacity:1;' />
<path d='M 122.8,27.3 L 122.4,26.8 L 121.7,26.9' style='fill:none;stroke:#E5E5E5;stroke-width:1.5px;stroke-linecap:butt;stroke-linejoin:miter;stroke-opacity:1;' />
<path d='M 95.6,31.3 L 94.1,31.5 L 93.6,32.8' style='fill:none;stroke:#000000;stroke-width:2.0px;stroke-linecap:butt;stroke-linejoin:miter;stroke-opacity:1;' />
<path class='atom-0' d='M 7.9 44.7
L 9.1 43.5
L 7.5 43.2
L 7.7 42.4
L 9.2 43.1
L 9.0 41.5
L 9.8 41.5
L 9.6 43.1
L 11.1 42.4
L 11.3 43.2
L 9.7 43.5
L 10.9 44.7
L 10.2 45.2
L 9.4 43.7
L 8.6 45.2
L 7.9 44.7
' fill='#191919'/>
<path class='atom-1' d='M 35.9 36.9
L 38.5 41.2
Q 38.8 41.6, 39.2 42.3
Q 39.6 43.1, 39.7 43.2
L 39.7 36.9
L 40.7 36.9
L 40.7 45.0
L 39.6 45.0
L 36.8 40.3
Q 36.4 39.7, 36.1 39.1
Q 35.7 38.5, 35.6 38.3
L 35.6 45.0
L 34.6 45.0
L 34.6 36.9
L 35.9 36.9
' fill='#0000FF'/>
<path class='atom-4' d='M 62.5 111.0
L 63.7 109.8
L 62.1 109.5
L 62.3 108.7
L 63.8 109.4
L 63.6 107.8
L 64.4 107.8
L 64.2 109.4
L 65.7 108.7
L 65.9 109.5
L 64.3 109.8
L 65.5 111.0
L 64.8 111.5
L 64.0 110.0
L 63.2 111.5
L 62.5 111.0
' fill='#191919'/>
<path class='atom-6' d='M 108.9 128.4
L 110.1 127.2
L 108.5 126.9
L 108.8 126.1
L 110.2 126.8
L 110.0 125.2
L 110.9 125.2
L 110.6 126.8
L 112.1 126.1
L 112.4 126.9
L 110.8 127.2
L 111.9 128.4
L 111.2 128.9
L 110.4 127.4
L 109.6 128.9
L 108.9 128.4
' fill='#191919'/>
<path class='atom-9' d='M 139.1 48.0
L 140.2 46.8
L 138.7 46.5
L 138.9 45.7
L 140.4 46.4
L 140.2 44.8
L 141.0 44.8
L 140.8 46.4
L 142.2 45.7
L 142.5 46.5
L 140.9 46.8
L 142.0 48.0
L 141.3 48.5
L 140.6 47.0
L 139.8 48.5
L 139.1 48.0
' fill='#191919'/>
</svg>
"
4091,5.4805956,C[C@@H](O)[C@H]1C(=O)N2C(C(=O)[O-])=C(SC3Cn4cnc[n+]4C3)[C@H](C)[C@H]12,[C@@H]1(C(C)C)[C@@H](C)CN1C,"<?xml version='1.0' encoding='iso-8859-1'?>
<svg version='1.1' baseProfile='full'
              xmlns='http://www.w3.org/2000/svg'
                      xmlns:rdkit='http://www.rdkit.org/xml'
                      xmlns:xlink='http://www.w3.org/1999/xlink'
                  xml:space='preserve'
width='150px' height='150px' viewBox='0 0 150 150'>
<!-- END OF HEADER -->
<rect style='opacity:1.0;fill:#FFFFFF;stroke:none' width='150.0' height='150.0' x='0.0' y='0.0'> </rect>
<ellipse cx='96.0' cy='58.5' rx='5.5' ry='5.5' class='atom-3'  style='fill:#CCCCCC;fill-rule:evenodd;stroke:#CCCCCC;stroke-width:1.0px;stroke-linecap:butt;stroke-linejoin:miter;stroke-opacity:1' />
<ellipse cx='108.6' cy='83.2' rx='5.5' ry='5.5' class='atom-4'  style='fill:#CCCCCC;fill-rule:evenodd;stroke:#CCCCCC;stroke-width:1.0px;stroke-linecap:butt;stroke-linejoin:miter;stroke-opacity:1' />
<ellipse cx='84.0' cy='95.8' rx='5.5' ry='5.5' class='atom-6'  style='fill:#CCCCCC;fill-rule:evenodd;stroke:#CCCCCC;stroke-width:1.0px;stroke-linecap:butt;stroke-linejoin:miter;stroke-opacity:1' />
<ellipse cx='64.4' cy='115.5' rx='5.5' ry='5.5' class='atom-7'  style='fill:#CCCCCC;fill-rule:evenodd;stroke:#CCCCCC;stroke-width:1.0px;stroke-linecap:butt;stroke-linejoin:miter;stroke-opacity:1' />
<ellipse cx='39.6' cy='103.0' rx='5.5' ry='5.5' class='atom-9'  style='fill:#CCCCCC;fill-rule:evenodd;stroke:#CCCCCC;stroke-width:1.0px;stroke-linecap:butt;stroke-linejoin:miter;stroke-opacity:1' />
<ellipse cx='43.9' cy='75.6' rx='5.5' ry='5.5' class='atom-11'  style='fill:#CCCCCC;fill-rule:evenodd;stroke:#CCCCCC;stroke-width:1.0px;stroke-linecap:butt;stroke-linejoin:miter;stroke-opacity:1' />
<ellipse cx='71.3' cy='71.1' rx='5.5' ry='5.5' class='atom-13'  style='fill:#9999E5;fill-rule:evenodd;stroke:#9999E5;stroke-width:1.0px;stroke-linecap:butt;stroke-linejoin:miter;stroke-opacity:1' />
<path class='bond-0 atom-1 atom-0' d='M 107.7,31.0 L 107.9,31.6' style='fill:none;fill-rule:evenodd;stroke:#E5E5E5;stroke-width:1.0px;stroke-linecap:butt;stroke-linejoin:miter;stroke-opacity:1' />
<path class='bond-0 atom-1 atom-0' d='M 111.0,30.0 L 111.3,31.2' style='fill:none;fill-rule:evenodd;stroke:#E5E5E5;stroke-width:1.0px;stroke-linecap:butt;stroke-linejoin:miter;stroke-opacity:1' />
<path class='bond-0 atom-1 atom-0' d='M 114.3,29.0 L 114.7,30.7' style='fill:none;fill-rule:evenodd;stroke:#E5E5E5;stroke-width:1.0px;stroke-linecap:butt;stroke-linejoin:miter;stroke-opacity:1' />
<path class='bond-0 atom-1 atom-0' d='M 117.6,28.0 L 118.1,30.3' style='fill:none;fill-rule:evenodd;stroke:#E5E5E5;stroke-width:1.0px;stroke-linecap:butt;stroke-linejoin:miter;stroke-opacity:1' />
<path class='bond-0 atom-1 atom-0' d='M 120.9,27.0 L 121.5,29.9' style='fill:none;fill-rule:evenodd;stroke:#E5E5E5;stroke-width:1.0px;stroke-linecap:butt;stroke-linejoin:miter;stroke-opacity:1' />
<path class='bond-0 atom-1 atom-0' d='M 124.2,26.0 L 124.9,29.4' style='fill:none;fill-rule:evenodd;stroke:#E5E5E5;stroke-width:1.0px;stroke-linecap:butt;stroke-linejoin:miter;stroke-opacity:1' />
<path class='bond-0 atom-1 atom-0' d='M 127.5,25.0 L 128.3,29.0' style='fill:none;fill-rule:evenodd;stroke:#E5E5E5;stroke-width:1.0px;stroke-linecap:butt;stroke-linejoin:miter;stroke-opacity:1' />
<path class='bond-1 atom-1 atom-2' d='M 104.4,32.1 L 86.3,12.0' style='fill:none;fill-rule:evenodd;stroke:#E5E5E5;stroke-width:1.5px;stroke-linecap:butt;stroke-linejoin:miter;stroke-opacity:1' />
<path class='bond-2 atom-1 atom-3' d='M 104.4,32.1 L 96.0,58.5' style='fill:none;fill-rule:evenodd;stroke:#000000;stroke-width:2.0px;stroke-linecap:butt;stroke-linejoin:miter;stroke-opacity:1' />
<path class='bond-3 atom-3 atom-4' d='M 96.0,58.5 L 111.6,84.1 L 108.6,83.2 Z' style='fill:#000000;fill-rule:evenodd;fill-opacity:1;stroke:#000000;stroke-width:0.5px;stroke-linecap:butt;stroke-linejoin:miter;stroke-opacity:1;' />
<path class='bond-3 atom-3 atom-4' d='M 96.0,58.5 L 108.6,83.2 L 106.8,84.1 Z' style='fill:#000000;fill-rule:evenodd;fill-opacity:1;stroke:#000000;stroke-width:0.5px;stroke-linecap:butt;stroke-linejoin:miter;stroke-opacity:1;' />
<path class='bond-4 atom-4 atom-5' d='M 106.1,84.5 L 131.7,92.7' style='fill:none;fill-rule:evenodd;stroke:#E5E5E5;stroke-width:1.5px;stroke-linecap:butt;stroke-linejoin:miter;stroke-opacity:1' />
<path class='bond-4 atom-4 atom-5' d='M 107.3,80.6 L 132.9,88.8' style='fill:none;fill-rule:evenodd;stroke:#E5E5E5;stroke-width:1.5px;stroke-linecap:butt;stroke-linejoin:miter;stroke-opacity:1' />
<path class='bond-5 atom-4 atom-6' d='M 108.6,83.2 L 98.2,88.5' style='fill:none;fill-rule:evenodd;stroke:#000000;stroke-width:2.0px;stroke-linecap:butt;stroke-linejoin:miter;stroke-opacity:1' />
<path class='bond-5 atom-4 atom-6' d='M 98.2,88.5 L 87.8,93.8' style='fill:none;fill-rule:evenodd;stroke:#0000FF;stroke-width:2.0px;stroke-linecap:butt;stroke-linejoin:miter;stroke-opacity:1' />
<path class='bond-6 atom-6 atom-7' d='M 80.1,99.7 L 72.2,107.6' style='fill:none;fill-rule:evenodd;stroke:#0000FF;stroke-width:2.0px;stroke-linecap:butt;stroke-linejoin:miter;stroke-opacity:1' />
<path class='bond-6 atom-6 atom-7' d='M 72.2,107.6 L 64.4,115.5' style='fill:none;fill-rule:evenodd;stroke:#000000;stroke-width:2.0px;stroke-linecap:butt;stroke-linejoin:miter;stroke-opacity:1' />
<path class='bond-7 atom-7 atom-8' d='M 64.4,115.5 L 68.0,138.0' style='fill:none;fill-rule:evenodd;stroke:#E5E5E5;stroke-width:1.5px;stroke-linecap:butt;stroke-linejoin:miter;stroke-opacity:1' />
<path class='bond-8 atom-7 atom-9' d='M 64.4,115.5 L 39.6,103.0' style='fill:none;fill-rule:evenodd;stroke:#E5E5E5;stroke-width:1.5px;stroke-linecap:butt;stroke-linejoin:miter;stroke-opacity:1' />
<path class='bond-8 atom-7 atom-9' d='M 63.6,110.5 L 44.1,100.7' style='fill:none;fill-rule:evenodd;stroke:#E5E5E5;stroke-width:1.5px;stroke-linecap:butt;stroke-linejoin:miter;stroke-opacity:1' />
<path class='bond-9 atom-9 atom-10' d='M 39.6,103.0 L 17.7,114.3' style='fill:none;fill-rule:evenodd;stroke:#E5E5E5;stroke-width:1.5px;stroke-linecap:butt;stroke-linejoin:miter;stroke-opacity:1' />
<path class='bond-10 atom-9 atom-11' d='M 39.6,103.0 L 43.9,75.6' style='fill:none;fill-rule:evenodd;stroke:#000000;stroke-width:2.0px;stroke-linecap:butt;stroke-linejoin:miter;stroke-opacity:1' />
<path class='bond-11 atom-11 atom-12' d='M 41.2,73.3 L 41.6,72.9' style='fill:none;fill-rule:evenodd;stroke:#000000;stroke-width:1.0px;stroke-linecap:butt;stroke-linejoin:miter;stroke-opacity:1' />
<path class='bond-11 atom-11 atom-12' d='M 38.6,71.0 L 39.3,70.3' style='fill:none;fill-rule:evenodd;stroke:#000000;stroke-width:1.0px;stroke-linecap:butt;stroke-linejoin:miter;stroke-opacity:1' />
<path class='bond-11 atom-11 atom-12' d='M 36.0,68.8 L 37.0,67.7' style='fill:none;fill-rule:evenodd;stroke:#000000;stroke-width:1.0px;stroke-linecap:butt;stroke-linejoin:miter;stroke-opacity:1' />
<path class='bond-11 atom-11 atom-12' d='M 33.3,66.5 L 34.8,65.1' style='fill:none;fill-rule:evenodd;stroke:#000000;stroke-width:1.0px;stroke-linecap:butt;stroke-linejoin:miter;stroke-opacity:1' />
<path class='bond-11 atom-11 atom-12' d='M 30.7,64.3 L 32.5,62.4' style='fill:none;fill-rule:evenodd;stroke:#000000;stroke-width:1.0px;stroke-linecap:butt;stroke-linejoin:miter;stroke-opacity:1' />
<path class='bond-11 atom-11 atom-12' d='M 28.0,62.0 L 30.2,59.8' style='fill:none;fill-rule:evenodd;stroke:#000000;stroke-width:1.0px;stroke-linecap:butt;stroke-linejoin:miter;stroke-opacity:1' />
<path class='bond-11 atom-11 atom-12' d='M 25.4,59.7 L 27.9,57.2' style='fill:none;fill-rule:evenodd;stroke:#000000;stroke-width:1.0px;stroke-linecap:butt;stroke-linejoin:miter;stroke-opacity:1' />
<path class='bond-11 atom-11 atom-12' d='M 22.8,57.5 L 25.6,54.6' style='fill:none;fill-rule:evenodd;stroke:#000000;stroke-width:1.0px;stroke-linecap:butt;stroke-linejoin:miter;stroke-opacity:1' />
<path class='bond-12 atom-11 atom-13' d='M 43.9,75.6 L 71.3,71.1' style='fill:none;fill-rule:evenodd;stroke:#000000;stroke-width:2.0px;stroke-linecap:butt;stroke-linejoin:miter;stroke-opacity:1' />
<path class='bond-13 atom-13 atom-3' d='M 71.3,71.1 L 96.0,58.5' style='fill:none;fill-rule:evenodd;stroke:#000000;stroke-width:2.0px;stroke-linecap:butt;stroke-linejoin:miter;stroke-opacity:1' />
<path class='bond-14 atom-13 atom-6' d='M 71.3,71.1 L 76.4,81.1' style='fill:none;fill-rule:evenodd;stroke:#000000;stroke-width:2.0px;stroke-linecap:butt;stroke-linejoin:miter;stroke-opacity:1' />
<path class='bond-14 atom-13 atom-6' d='M 76.4,81.1 L 81.5,91.0' style='fill:none;fill-rule:evenodd;stroke:#0000FF;stroke-width:2.0px;stroke-linecap:butt;stroke-linejoin:miter;stroke-opacity:1' />
<path class='bond-15 atom-13 atom-14' d='M 71.3,71.1 L 65.4,59.9 L 69.3,58.7 Z' style='fill:#000000;fill-rule:evenodd;fill-opacity:1;stroke:#000000;stroke-width:0.5px;stroke-linecap:butt;stroke-linejoin:miter;stroke-opacity:1;' />
<path d='M 104.0,31.6 L 104.4,32.1 L 104.2,32.7' style='fill:none;stroke:#E5E5E5;stroke-width:1.5px;stroke-linecap:butt;stroke-linejoin:miter;stroke-opacity:1;' />
<path d='M 96.4,57.1 L 96.0,58.5 L 94.7,59.1' style='fill:none;stroke:#000000;stroke-width:2.0px;stroke-linecap:butt;stroke-linejoin:miter;stroke-opacity:1;' />
<path d='M 43.7,76.9 L 43.9,75.6 L 45.3,75.4' style='fill:none;stroke:#000000;stroke-width:2.0px;stroke-linecap:butt;stroke-linejoin:miter;stroke-opacity:1;' />
<path class='atom-0' d='M 130.1 25.3
L 131.2 24.1
L 129.7 23.8
L 129.9 23.0
L 131.4 23.8
L 131.2 22.2
L 132.0 22.2
L 131.8 23.7
L 133.2 23.1
L 133.4 23.8
L 131.9 24.1
L 133.0 25.3
L 132.3 25.8
L 131.5 24.3
L 130.8 25.8
L 130.1 25.3
' fill='#191919'/>
<path class='atom-2' d='M 84.3 10.6
L 85.5 9.4
L 84.0 9.1
L 84.2 8.3
L 85.6 9.1
L 85.4 7.5
L 86.2 7.5
L 86.0 9.0
L 87.4 8.4
L 87.7 9.1
L 86.1 9.4
L 87.2 10.6
L 86.6 11.1
L 85.8 9.6
L 85.0 11.1
L 84.3 10.6
' fill='#191919'/>
<path class='atom-5' d='M 133.6 90.8
L 134.7 89.6
L 133.2 89.3
L 133.4 88.5
L 134.8 89.2
L 134.6 87.7
L 135.5 87.6
L 135.2 89.2
L 136.7 88.5
L 136.9 89.3
L 135.4 89.6
L 136.5 90.8
L 135.8 91.2
L 135.0 89.8
L 134.2 91.2
L 133.6 90.8
' fill='#191919'/>
<path class='atom-6' d='M 82.2 91.9
L 84.8 96.1
Q 85.0 96.5, 85.5 97.2
Q 85.9 98.0, 85.9 98.0
L 85.9 91.9
L 86.9 91.9
L 86.9 99.8
L 85.9 99.8
L 83.1 95.2
Q 82.8 94.7, 82.4 94.1
Q 82.1 93.5, 82.0 93.3
L 82.0 99.8
L 81.0 99.8
L 81.0 91.9
L 82.2 91.9
' fill='#0000FF'/>
<path class='atom-8' d='M 67.3 142.0
L 68.5 140.8
L 67.0 140.5
L 67.2 139.7
L 68.6 140.5
L 68.4 138.9
L 69.2 138.9
L 69.0 140.4
L 70.4 139.8
L 70.7 140.5
L 69.1 140.8
L 70.2 142.0
L 69.6 142.5
L 68.8 141.0
L 68.0 142.5
L 67.3 142.0
' fill='#191919'/>
<path class='atom-10' d='M 13.5 114.8
L 14.6 113.6
L 13.1 113.3
L 13.3 112.5
L 14.7 113.2
L 14.5 111.7
L 15.4 111.7
L 15.1 113.2
L 16.6 112.5
L 16.8 113.3
L 15.3 113.6
L 16.4 114.8
L 15.7 115.3
L 14.9 113.8
L 14.1 115.3
L 13.5 114.8
' fill='#191919'/>
<path class='atom-14' d='M 62.4 49.6
L 63.5 49.6
L 63.5 53.0
L 67.5 53.0
L 67.5 49.6
L 68.6 49.6
L 68.6 57.5
L 67.5 57.5
L 67.5 53.9
L 63.5 53.9
L 63.5 57.5
L 62.4 57.5
L 62.4 49.6
' fill='#000000'/>
</svg>
"
2918,5.3441563,Oc1ccc(O)c2c(O)cccc12,c(c(c)O)(c(c)O)c(c)c,"<?xml version='1.0' encoding='iso-8859-1'?>
<svg version='1.1' baseProfile='full'
              xmlns='http://www.w3.org/2000/svg'
                      xmlns:rdkit='http://www.rdkit.org/xml'
                      xmlns:xlink='http://www.w3.org/1999/xlink'
                  xml:space='preserve'
width='150px' height='150px' viewBox='0 0 150 150'>
<!-- END OF HEADER -->
<rect style='opacity:1.0;fill:#FFFFFF;stroke:none' width='150.0' height='150.0' x='0.0' y='0.0'> </rect>
<ellipse cx='30.6' cy='65.4' rx='6.0' ry='6.0' class='atom-1'  style='fill:#E5E533;fill-rule:evenodd;stroke:#E5E533;stroke-width:1.0px;stroke-linecap:butt;stroke-linejoin:miter;stroke-opacity:1' />
<ellipse cx='44.0' cy='115.4' rx='6.0' ry='6.0' class='atom-3'  style='fill:#E5E533;fill-rule:evenodd;stroke:#E5E533;stroke-width:1.0px;stroke-linecap:butt;stroke-linejoin:miter;stroke-opacity:1' />
<ellipse cx='72.9' cy='107.7' rx='6.0' ry='6.0' class='atom-4'  style='fill:#E5E533;fill-rule:evenodd;stroke:#E5E533;stroke-width:1.0px;stroke-linecap:butt;stroke-linejoin:miter;stroke-opacity:1' />
<ellipse cx='80.7' cy='78.8' rx='6.0' ry='6.0' class='atom-6'  style='fill:#9999E5;fill-rule:evenodd;stroke:#9999E5;stroke-width:1.0px;stroke-linecap:butt;stroke-linejoin:miter;stroke-opacity:1' />
<ellipse cx='109.5' cy='71.1' rx='6.0' ry='6.0' class='atom-7'  style='fill:#E5E533;fill-rule:evenodd;stroke:#E5E533;stroke-width:1.0px;stroke-linecap:butt;stroke-linejoin:miter;stroke-opacity:1' />
<ellipse cx='117.3' cy='42.2' rx='6.0' ry='6.0' class='atom-9'  style='fill:#E5E533;fill-rule:evenodd;stroke:#E5E533;stroke-width:1.0px;stroke-linecap:butt;stroke-linejoin:miter;stroke-opacity:1' />
<ellipse cx='67.3' cy='28.8' rx='6.0' ry='6.0' class='atom-11'  style='fill:#E5E533;fill-rule:evenodd;stroke:#E5E533;stroke-width:1.0px;stroke-linecap:butt;stroke-linejoin:miter;stroke-opacity:1' />
<ellipse cx='59.5' cy='57.7' rx='6.0' ry='6.0' class='atom-12'  style='fill:#E5E533;fill-rule:evenodd;stroke:#E5E533;stroke-width:1.0px;stroke-linecap:butt;stroke-linejoin:miter;stroke-opacity:1' />
<path class='bond-0 atom-0 atom-1' d='M 10.1,44.8 L 30.6,65.4' style='fill:none;fill-rule:evenodd;stroke:#E5E5E5;stroke-width:1.6px;stroke-linecap:butt;stroke-linejoin:miter;stroke-opacity:1' />
<path class='bond-1 atom-1 atom-2' d='M 30.6,65.4 L 24.3,89.0' style='fill:none;fill-rule:evenodd;stroke:#E5E5E5;stroke-width:1.6px;stroke-linecap:butt;stroke-linejoin:miter;stroke-opacity:1' />
<path class='bond-1 atom-1 atom-2' d='M 34.3,69.1 L 28.7,90.2' style='fill:none;fill-rule:evenodd;stroke:#E5E5E5;stroke-width:1.6px;stroke-linecap:butt;stroke-linejoin:miter;stroke-opacity:1' />
<path class='bond-2 atom-2 atom-3' d='M 23.5,94.8 L 44.0,115.4' style='fill:none;fill-rule:evenodd;stroke:#E5E5E5;stroke-width:1.6px;stroke-linecap:butt;stroke-linejoin:miter;stroke-opacity:1' />
<path class='bond-3 atom-3 atom-4' d='M 44.0,115.4 L 72.9,107.7' style='fill:none;fill-rule:evenodd;stroke:#000000;stroke-width:2.0px;stroke-linecap:butt;stroke-linejoin:miter;stroke-opacity:1' />
<path class='bond-3 atom-3 atom-4' d='M 45.4,110.4 L 69.3,104.0' style='fill:none;fill-rule:evenodd;stroke:#000000;stroke-width:2.0px;stroke-linecap:butt;stroke-linejoin:miter;stroke-opacity:1' />
<path class='bond-4 atom-4 atom-5' d='M 72.9,107.7 L 81.1,115.8' style='fill:none;fill-rule:evenodd;stroke:#000000;stroke-width:2.0px;stroke-linecap:butt;stroke-linejoin:miter;stroke-opacity:1' />
<path class='bond-4 atom-4 atom-5' d='M 81.1,115.8 L 89.2,124.0' style='fill:none;fill-rule:evenodd;stroke:#FF0000;stroke-width:2.0px;stroke-linecap:butt;stroke-linejoin:miter;stroke-opacity:1' />
<path class='bond-5 atom-4 atom-6' d='M 72.9,107.7 L 80.7,78.8' style='fill:none;fill-rule:evenodd;stroke:#000000;stroke-width:2.0px;stroke-linecap:butt;stroke-linejoin:miter;stroke-opacity:1' />
<path class='bond-6 atom-6 atom-7' d='M 80.7,78.8 L 109.5,71.1' style='fill:none;fill-rule:evenodd;stroke:#000000;stroke-width:2.0px;stroke-linecap:butt;stroke-linejoin:miter;stroke-opacity:1' />
<path class='bond-6 atom-6 atom-7' d='M 82.0,73.8 L 105.9,67.4' style='fill:none;fill-rule:evenodd;stroke:#000000;stroke-width:2.0px;stroke-linecap:butt;stroke-linejoin:miter;stroke-opacity:1' />
<path class='bond-7 atom-7 atom-8' d='M 109.5,71.1 L 117.7,79.2' style='fill:none;fill-rule:evenodd;stroke:#000000;stroke-width:2.0px;stroke-linecap:butt;stroke-linejoin:miter;stroke-opacity:1' />
<path class='bond-7 atom-7 atom-8' d='M 117.7,79.2 L 125.8,87.3' style='fill:none;fill-rule:evenodd;stroke:#FF0000;stroke-width:2.0px;stroke-linecap:butt;stroke-linejoin:miter;stroke-opacity:1' />
<path class='bond-8 atom-7 atom-9' d='M 109.5,71.1 L 117.3,42.2' style='fill:none;fill-rule:evenodd;stroke:#000000;stroke-width:2.0px;stroke-linecap:butt;stroke-linejoin:miter;stroke-opacity:1' />
<path class='bond-9 atom-9 atom-10' d='M 117.3,42.2 L 96.7,21.6' style='fill:none;fill-rule:evenodd;stroke:#E5E5E5;stroke-width:1.6px;stroke-linecap:butt;stroke-linejoin:miter;stroke-opacity:1' />
<path class='bond-9 atom-9 atom-10' d='M 112.3,43.5 L 93.5,24.8' style='fill:none;fill-rule:evenodd;stroke:#E5E5E5;stroke-width:1.6px;stroke-linecap:butt;stroke-linejoin:miter;stroke-opacity:1' />
<path class='bond-10 atom-10 atom-11' d='M 94.1,21.6 L 67.3,28.8' style='fill:none;fill-rule:evenodd;stroke:#E5E5E5;stroke-width:1.6px;stroke-linecap:butt;stroke-linejoin:miter;stroke-opacity:1' />
<path class='bond-11 atom-11 atom-12' d='M 67.3,28.8 L 59.5,57.7' style='fill:none;fill-rule:evenodd;stroke:#000000;stroke-width:2.0px;stroke-linecap:butt;stroke-linejoin:miter;stroke-opacity:1' />
<path class='bond-11 atom-11 atom-12' d='M 70.9,32.5 L 64.5,56.3' style='fill:none;fill-rule:evenodd;stroke:#000000;stroke-width:2.0px;stroke-linecap:butt;stroke-linejoin:miter;stroke-opacity:1' />
<path class='bond-12 atom-12 atom-1' d='M 59.5,57.7 L 30.6,65.4' style='fill:none;fill-rule:evenodd;stroke:#000000;stroke-width:2.0px;stroke-linecap:butt;stroke-linejoin:miter;stroke-opacity:1' />
<path class='bond-13 atom-12 atom-6' d='M 59.5,57.7 L 80.7,78.8' style='fill:none;fill-rule:evenodd;stroke:#000000;stroke-width:2.0px;stroke-linecap:butt;stroke-linejoin:miter;stroke-opacity:1' />
<path d='M 43.5,114.9 L 44.0,115.4 L 44.8,115.2' style='fill:none;stroke:#E5E5E5;stroke-width:1.6px;stroke-linecap:butt;stroke-linejoin:miter;stroke-opacity:1;' />
<path d='M 117.1,42.9 L 117.3,42.2 L 116.8,41.7' style='fill:none;stroke:#000000;stroke-width:2.0px;stroke-linecap:butt;stroke-linejoin:miter;stroke-opacity:1;' />
<path d='M 67.9,28.6 L 67.3,28.8 L 67.1,29.5' style='fill:none;stroke:#E5E5E5;stroke-width:1.6px;stroke-linecap:butt;stroke-linejoin:miter;stroke-opacity:1;' />
<path class='atom-0' d='M 7.9 43.3
L 9.2 42.1
L 7.5 41.7
L 7.8 40.9
L 9.3 41.6
L 9.1 40.0
L 10.0 40.0
L 9.7 41.6
L 11.2 40.9
L 11.5 41.7
L 9.8 42.0
L 11.0 43.3
L 10.3 43.8
L 9.5 42.3
L 8.6 43.8
L 7.9 43.3
' fill='#191919'/>
<path class='atom-2' d='M 21.3 93.3
L 22.6 92.1
L 20.9 91.7
L 21.2 90.9
L 22.7 91.7
L 22.5 90.0
L 23.4 90.0
L 23.1 91.6
L 24.6 90.9
L 24.9 91.7
L 23.2 92.1
L 24.4 93.3
L 23.7 93.9
L 22.9 92.3
L 22.0 93.9
L 21.3 93.3
' fill='#191919'/>
<path class='atom-5' d='M 90.2 128.9
Q 90.2 126.8, 91.2 125.7
Q 92.2 124.5, 94.1 124.5
Q 95.9 124.5, 96.9 125.7
Q 97.9 126.8, 97.9 128.9
Q 97.9 130.9, 96.9 132.1
Q 95.9 133.2, 94.1 133.2
Q 92.2 133.2, 91.2 132.1
Q 90.2 130.9, 90.2 128.9
M 94.1 132.3
Q 95.3 132.3, 96.0 131.4
Q 96.7 130.6, 96.7 128.9
Q 96.7 127.2, 96.0 126.4
Q 95.3 125.5, 94.1 125.5
Q 92.8 125.5, 92.1 126.3
Q 91.4 127.2, 91.4 128.9
Q 91.4 130.6, 92.1 131.4
Q 92.8 132.3, 94.1 132.3
' fill='#FF0000'/>
<path class='atom-5' d='M 99.3 124.6
L 100.4 124.6
L 100.4 128.2
L 104.7 128.2
L 104.7 124.6
L 105.9 124.6
L 105.9 133.1
L 104.7 133.1
L 104.7 129.2
L 100.4 129.2
L 100.4 133.1
L 99.3 133.1
L 99.3 124.6
' fill='#FF0000'/>
<path class='atom-8' d='M 126.8 92.2
Q 126.8 90.2, 127.8 89.1
Q 128.8 87.9, 130.7 87.9
Q 132.5 87.9, 133.6 89.1
Q 134.6 90.2, 134.6 92.2
Q 134.6 94.3, 133.5 95.5
Q 132.5 96.6, 130.7 96.6
Q 128.8 96.6, 127.8 95.5
Q 126.8 94.3, 126.8 92.2
M 130.7 95.7
Q 132.0 95.7, 132.7 94.8
Q 133.4 93.9, 133.4 92.2
Q 133.4 90.6, 132.7 89.7
Q 132.0 88.9, 130.7 88.9
Q 129.4 88.9, 128.7 89.7
Q 128.0 90.6, 128.0 92.2
Q 128.0 94.0, 128.7 94.8
Q 129.4 95.7, 130.7 95.7
' fill='#FF0000'/>
<path class='atom-8' d='M 135.9 88.0
L 137.0 88.0
L 137.0 91.6
L 141.4 91.6
L 141.4 88.0
L 142.5 88.0
L 142.5 96.5
L 141.4 96.5
L 141.4 92.6
L 137.0 92.6
L 137.0 96.5
L 135.9 96.5
L 135.9 88.0
' fill='#FF0000'/>
<path class='atom-10' d='M 94.5 20.1
L 95.8 18.9
L 94.1 18.5
L 94.4 17.7
L 95.9 18.4
L 95.7 16.8
L 96.6 16.8
L 96.3 18.4
L 97.9 17.7
L 98.1 18.5
L 96.5 18.8
L 97.7 20.1
L 96.9 20.6
L 96.1 19.1
L 95.3 20.6
L 94.5 20.1
' fill='#191919'/>
</svg>
"
